﻿[null,{"id":1,"battlerName":"","characterIndex":4,"characterName":"アルス","classId":5,"equips":[0,0,2,0,0],"faceIndex":0,"faceName":"","traits":[],"initialLevel":3,"maxLevel":99,"name":"Als","nickname":"","note":"","profile":""},{"id":2,"battlerName":"","characterIndex":0,"characterName":"ユイネ","classId":3,"equips":[2,1,2,3,0],"faceIndex":7,"faceName":"","traits":[],"initialLevel":1,"maxLevel":99,"name":"二人目","nickname":"","note":"","profile":""},{"id":3,"battlerName":"Actor3_8","characterIndex":7,"characterName":"Actor3","classId":3,"equips":[3,0,2,3,4],"faceIndex":7,"faceName":"Actor3","traits":[],"initialLevel":1,"maxLevel":99,"name":"敵の名前","nickname":"","note":"","profile":""},{"id":4,"battlerName":"Actor2_7","characterIndex":6,"characterName":"Actor2","classId":4,"equips":[4,0,2,3,4],"faceIndex":6,"faceName":"Actor2","traits":[],"initialLevel":1,"maxLevel":99,"name":"4攻撃部位（手、胸）","nickname":"","note":"","profile":""},{"id":5,"battlerName":"","characterIndex":0,"characterName":"フリオ","classId":3,"equips":[5,0,2,3,4],"faceIndex":0,"faceName":"","traits":[{"code":53,"dataId":1,"value":1}],"initialLevel":10,"maxLevel":99,"name":"フリオ","nickname":"","note":"<equipSlotEx:1 6>","profile":""},{"id":6,"battlerName":"","characterIndex":0,"characterName":"ユイネ","classId":2,"equips":[4,0,2,0,0],"faceIndex":7,"faceName":"","traits":[{"code":53,"dataId":1,"value":1}],"initialLevel":1,"maxLevel":99,"name":"ユイネ","nickname":"","note":"<equipSlotEx:1 6>","profile":""},{"id":7,"battlerName":"","characterIndex":0,"characterName":"アイリン","classId":4,"equips":[0,0,0,0,0],"faceIndex":0,"faceName":"","traits":[],"initialLevel":1,"maxLevel":99,"name":"アイリン","nickname":"","note":"<equipSlotEx:1 6>","profile":""},{"id":8,"battlerName":"","characterIndex":0,"characterName":"","classId":1,"equips":[0,0,0,0,0],"faceIndex":0,"faceName":"","traits":[],"initialLevel":1,"maxLevel":99,"name":"呼び方","nickname":"","note":"","profile":""},{"id":9,"battlerName":"","characterIndex":0,"characterName":"エイミー","classId":6,"equips":[34,0,0,0,0],"faceIndex":0,"faceName":"","traits":[],"initialLevel":1,"maxLevel":99,"name":"エイミー","nickname":"","note":"<equipSlotEx:1 6>","profile":""},{"id":10,"battlerName":"Actor2_7","characterIndex":6,"characterName":"Actor2","classId":4,"equips":[4,0,2,3,4],"faceIndex":6,"faceName":"Actor2","traits":[],"initialLevel":1,"maxLevel":99,"name":"10行動名（パイズリなど）","nickname":"","note":"","profile":""},{"id":11,"battlerName":"Actor2_7","characterIndex":6,"characterName":"Actor2","classId":4,"equips":[4,0,2,3,4],"faceIndex":6,"faceName":"Actor2","traits":[],"initialLevel":1,"maxLevel":99,"name":"11特殊ワード（乳肉）","nickname":"","note":"","profile":""},{"id":12,"battlerName":"","characterIndex":0,"characterName":"","classId":1,"equips":[0,0,0,0,0],"faceIndex":0,"faceName":"","traits":[],"initialLevel":1,"maxLevel":99,"name":"敵の弱点","nickname":"","note":"","profile":""},{"id":13,"battlerName":"","characterIndex":0,"characterName":"","classId":1,"equips":[0,0,0,0,0],"faceIndex":0,"faceName":"","traits":[],"initialLevel":1,"maxLevel":99,"name":"敵の説明","nickname":"","note":"","profile":""},{"id":14,"battlerName":"","characterIndex":0,"characterName":"","classId":1,"equips":[0,0,0,0,0],"faceIndex":0,"faceName":"","traits":[],"initialLevel":1,"maxLevel":99,"name":"行動パターン1","nickname":"","note":"","profile":""},{"id":15,"battlerName":"","characterIndex":0,"characterName":"","classId":1,"equips":[0,0,0,0,0],"faceIndex":0,"faceName":"","traits":[],"initialLevel":1,"maxLevel":99,"name":"行動パターン2","nickname":"","note":"","profile":""},{"id":16,"battlerName":"","characterIndex":0,"characterName":"","classId":1,"equips":[0,0,0,0,0],"faceIndex":0,"faceName":"","traits":[],"initialLevel":1,"maxLevel":99,"name":"","nickname":"","note":"","profile":""},{"id":17,"battlerName":"","characterIndex":0,"characterName":"","classId":1,"equips":[0,0,0,0,0],"faceIndex":0,"faceName":"","traits":[],"initialLevel":1,"maxLevel":99,"name":"","nickname":"","note":"","profile":""},{"id":18,"battlerName":"","characterIndex":0,"characterName":"","classId":1,"equips":[0,0,0,0,0],"faceIndex":0,"faceName":"","traits":[],"initialLevel":1,"maxLevel":99,"name":"","nickname":"","note":"","profile":""},{"id":19,"battlerName":"","characterIndex":0,"characterName":"","classId":1,"equips":[0,0,0,0,0],"faceIndex":0,"faceName":"","traits":[],"initialLevel":1,"maxLevel":99,"name":"","nickname":"","note":"","profile":""},{"id":20,"battlerName":"","characterIndex":0,"characterName":"","classId":1,"equips":[0,0,0,0,0],"faceIndex":0,"faceName":"","traits":[],"initialLevel":1,"maxLevel":99,"name":"","nickname":"","note":"","profile":""},{"id":21,"battlerName":"","characterIndex":0,"characterName":"ムー","classId":14,"equips":[101,0,2,3,4],"faceIndex":0,"faceName":"","traits":[],"initialLevel":20,"maxLevel":99,"name":"キャンティ","nickname":"","note":"<equipSlotEx:1 6>","profile":""},{"id":22,"battlerName":"","characterIndex":0,"characterName":"ルナ","classId":13,"equips":[102,0,2,3,4],"faceIndex":0,"faceName":"","traits":[],"initialLevel":10,"maxLevel":99,"name":"ルナ","nickname":"","note":"<equipSlotEx:1 6>","profile":""},{"id":23,"battlerName":"","characterIndex":0,"characterName":"アイリン","classId":12,"equips":[0,0,0,0,0],"faceIndex":0,"faceName":"","traits":[],"initialLevel":1,"maxLevel":99,"name":"あ","nickname":"","note":"<equipSlotEx:1 6>","profile":""},{"id":24,"battlerName":"","characterIndex":0,"characterName":"アリス","classId":6,"equips":[46,0,0,0,0],"faceIndex":0,"faceName":"","traits":[],"initialLevel":1,"maxLevel":99,"name":"Aries","nickname":"","note":"<equipSlotEx:1 6>","profile":""},{"id":25,"battlerName":"","characterIndex":0,"characterName":"リドル","classId":6,"equips":[29,0,0,0,0],"faceIndex":0,"faceName":"","traits":[],"initialLevel":1,"maxLevel":99,"name":"リドル","nickname":"","note":"<equipSlotEx:1 6>","profile":""},{"id":26,"battlerName":"","characterIndex":2,"characterName":"夢喰い","classId":6,"equips":[24,0,2,3,4],"faceIndex":0,"faceName":"","traits":[],"initialLevel":1,"maxLevel":99,"name":"ポリー","nickname":"","note":"<equipSlotEx:1 6>","profile":""},{"id":27,"battlerName":"","characterIndex":0,"characterName":"トルテ","classId":6,"equips":[21,0,2,3,4,411],"faceIndex":0,"faceName":"","traits":[],"initialLevel":1,"maxLevel":99,"name":"トルテ","nickname":"","note":"<equipSlotEx:1 6>","profile":""},{"id":28,"battlerName":"","characterIndex":0,"characterName":"キルシュ","classId":6,"equips":[21,0,2,3,4,411],"faceIndex":0,"faceName":"","traits":[],"initialLevel":1,"maxLevel":99,"name":"キルシュ","nickname":"","note":"<equipSlotEx:1 6>","profile":""},{"id":29,"battlerName":"","characterIndex":0,"characterName":"ローズ","classId":6,"equips":[21,0,2,3,4,411],"faceIndex":0,"faceName":"","traits":[],"initialLevel":1,"maxLevel":99,"name":"Rose","nickname":"","note":"<equipSlotEx:1 6>","profile":""},{"id":30,"battlerName":"","characterIndex":0,"characterName":"シープ","classId":6,"equips":[21,0,2,3,4,411],"faceIndex":0,"faceName":"","traits":[],"initialLevel":1,"maxLevel":99,"name":"シープ","nickname":"","note":"<equipSlotEx:1 6>","profile":""},{"id":31,"battlerName":"","characterIndex":0,"characterName":"クラスタ","classId":6,"equips":[21,0,2,3,4,411],"faceIndex":0,"faceName":"","traits":[],"initialLevel":1,"maxLevel":99,"name":"クラスタ","nickname":"","note":"<equipSlotEx:1 6>","profile":""},{"id":32,"battlerName":"","characterIndex":2,"characterName":"クラスタ","classId":6,"equips":[21,0,2,3,4,411],"faceIndex":0,"faceName":"","traits":[],"initialLevel":1,"maxLevel":99,"name":"プリズマ","nickname":"","note":"<equipSlotEx:1 6>","profile":""},{"id":33,"battlerName":"","characterIndex":0,"characterName":"黄髪サキュバス","classId":6,"equips":[21,0,2,3,4,411],"faceIndex":0,"faceName":"","traits":[],"initialLevel":1,"maxLevel":99,"name":"サキュバス","nickname":"","note":"<equipSlotEx:1 6>","profile":""},{"id":34,"battlerName":"","characterIndex":0,"characterName":"黄髪サキュバス","classId":6,"equips":[21,0,2,3,4,411],"faceIndex":0,"faceName":"","traits":[],"initialLevel":1,"maxLevel":99,"name":"エルフ","nickname":"","note":"<equipSlotEx:1 6>","profile":""},{"id":35,"battlerName":"","characterIndex":0,"characterName":"マキサ","classId":14,"equips":[25,0,0,0,0],"faceIndex":0,"faceName":"","traits":[],"initialLevel":1,"maxLevel":99,"name":"マキサ","nickname":"","note":"<equipSlotEx:1 6>","profile":""},{"id":36,"battlerName":"","characterIndex":0,"characterName":"ウォルフ","classId":14,"equips":[14,0,0,0,0],"faceIndex":0,"faceName":"","traits":[],"initialLevel":1,"maxLevel":99,"name":"ウォルフ","nickname":"","note":"<equipSlotEx:1 6>","profile":""},{"id":37,"battlerName":"","characterIndex":0,"characterName":"","classId":1,"equips":[0,0,0,0,0],"faceIndex":0,"faceName":"","traits":[],"initialLevel":1,"maxLevel":99,"name":"","nickname":"","note":"","profile":""},{"id":38,"battlerName":"","characterIndex":0,"characterName":"","classId":1,"equips":[0,0,0,0,0],"faceIndex":0,"faceName":"","traits":[],"initialLevel":1,"maxLevel":99,"name":"","nickname":"","note":"","profile":""},{"id":39,"battlerName":"","characterIndex":0,"characterName":"","classId":1,"equips":[0,0,0,0,0],"faceIndex":0,"faceName":"","traits":[],"initialLevel":1,"maxLevel":99,"name":"","nickname":"","note":"","profile":""},{"id":40,"battlerName":"","characterIndex":0,"characterName":"","classId":1,"equips":[0,0,0,0,0],"faceIndex":0,"faceName":"","traits":[],"initialLevel":1,"maxLevel":99,"name":"","nickname":"","note":"","profile":""}]