﻿{"Scene_Title":{"WindowLayer":{"0,Window_TitleCommand":{"x":528,"y":432,"width":240,"height":144,"opacity":255,"hidden":false,"_customFontSize":28,"_customPadding":18,"_customLineHeight":36,"_customBackOpacity":192,"_customBackFileName":"","_customFontFace":""}}},"Scene_Battle":{"WindowLayer":{"1,Window_BattleStatus":{"x":36,"y":564,"width":780,"height":60,"opacity":0,"hidden":false,"_customFontSize":28,"_customPadding":"12","_customLineHeight":36,"_customBackOpacity":192,"_customBackFileName":"","_customFontFace":""},"3,Window_ActorCommand":{"x":0,"y":444,"width":180,"height":180,"opacity":255,"hidden":false,"_customFontSize":28,"_customPadding":18,"_customLineHeight":36,"_customBackOpacity":192,"_customBackFileName":"","_customFontFace":""},"8,Window_BattleEnemy":{"x":216,"y":0,"width":600,"height":60,"opacity":0,"hidden":false,"_customFontSize":28,"_customPadding":"10","_customLineHeight":36,"_customBackOpacity":192,"_customBackFileName":"","_customFontFace":""},"4,Window_Help":{"x":0,"y":0,"width":816,"height":108,"opacity":255,"hidden":false,"_customFontSize":28,"_customPadding":18,"_customLineHeight":36,"_customBackOpacity":192,"_customBackFileName":"","_customFontFace":""},"5,Window_BattleSkill":{"x":0,"y":108,"width":816,"height":336,"opacity":255,"hidden":false,"_customFontSize":28,"_customPadding":18,"_customLineHeight":36,"_customBackOpacity":192,"_customBackFileName":"","_customFontFace":""},"6,Window_BattleItem":{"x":0,"y":108,"width":816,"height":336,"opacity":255,"hidden":false,"_customFontSize":28,"_customPadding":18,"_customLineHeight":36,"_customBackOpacity":192,"_customBackFileName":"","_customFontFace":""},"2,Window_PartyCommand":{"x":0,"y":516,"width":140,"height":108,"opacity":255,"hidden":false,"_customFontSize":28,"_customPadding":18,"_customLineHeight":36,"_customBackOpacity":192,"_customBackFileName":"","_customFontFace":""},"7,Window_BattleActor":{"x":0,"y":552,"width":816,"height":72,"opacity":255,"hidden":false,"_customFontSize":28,"_customPadding":18,"_customLineHeight":36,"_customBackOpacity":192,"_customBackFileName":"","_customFontFace":""},"9,Window_Message":{"x":0,"y":493,"width":816,"height":131,"opacity":255,"hidden":false,"_customFontSize":"26","_customPadding":"16","_customLineHeight":"33","_customBackOpacity":192,"_customBackFileName":"","_customFontFace":""}}},"Scene_ItemSlot":{"WindowLayer":{"0,Window_ItemSlotHelp":{"x":0,"y":163,"width":816,"height":130,"opacity":255,"hidden":false,"_customFontSize":26,"_customPadding":14,"_customLineHeight":34,"_customBackOpacity":192,"_customBackFileName":"","_customFontFace":""},"1,Window_SlotCommand":{"x":0,"y":67,"width":200,"height":96,"opacity":255,"hidden":false,"_customFontSize":26,"_customPadding":14,"_customLineHeight":34,"_customBackOpacity":192,"_customBackFileName":"","_customFontFace":""},"2,Window_ItemSlot":{"x":200,"y":67,"width":280,"height":96,"opacity":255,"hidden":false,"_customFontSize":26,"_customPadding":12,"_customLineHeight":34,"_customBackOpacity":192,"_customBackFileName":"","_customFontFace":""},"3,Window_ItemSlotCategory":{"x":0,"y":226,"width":300,"height":62,"opacity":255,"hidden":false,"_customFontSize":26,"_customPadding":14,"_customLineHeight":34,"_customBackOpacity":192,"_customBackFileName":"","_customFontFace":""},"4,Window_ItemSlotList":{"x":0,"y":293,"width":816,"height":300,"opacity":255,"hidden":false,"_customFontSize":26,"_customPadding":14,"_customLineHeight":34,"_customBackOpacity":192,"_customBackFileName":"","_customFontFace":""}}},"Scene_Map":{"Scene_Map":{"5,Window_MapItemSlot":{"x":0,"y":100,"width":218,"height":58,"opacity":255,"hidden":false,"_customFontSize":26,"_customPadding":12,"_customLineHeight":34,"_customBackOpacity":192,"_customBackFileName":"","_customFontFace":""}}},"Scene_Equip":{"WindowLayer":{"3,Window_EquipSlot":{"x":312,"y":158,"width":504,"height":204,"opacity":255,"hidden":false,"_customFontSize":26,"_customPadding":14,"_customLineHeight":34,"_customBackOpacity":192,"_customBackFileName":"","_customFontFace":""},"4,Window_EquipItem":{"x":0,"y":362,"width":816,"height":262,"opacity":255,"hidden":false,"_customFontSize":26,"_customPadding":14,"_customLineHeight":34,"_customBackOpacity":192,"_customBackFileName":"","_customFontFace":""}},"Scene_Equip":{"3,Sprite_EquipDummy":{"x":767,"y":423}}},"Scene_Shop":{"WindowLayer":{"9,Window_Material":{"x":456,"y":332,"width":360,"height":131,"opacity":255,"hidden":false,"_customFontSize":26,"_customPadding":14,"_customLineHeight":34,"_customBackOpacity":192,"_customBackFileName":"","_customFontFace":""}}}}