﻿[null,{"id":1,"expanded":true,"name":"テンプレートイベント","order":1,"parentId":0,"scrollX":793.5,"scrollY":850},{"id":2,"expanded":true,"name":"メインフロア","order":54,"parentId":123,"scrollX":1486.5,"scrollY":1550},{"id":3,"expanded":false,"name":"猫の集会","order":55,"parentId":123,"scrollX":801.5,"scrollY":521},{"id":4,"expanded":false,"name":"動画テストマップ","order":7,"parentId":1,"scrollX":1518.6666666666667,"scrollY":881.3333333333334},null,null,null,null,null,null,null,null,null,null,null,null,null,null,null,null,null,null,null,null,null,null,null,null,null,null,null,{"id":32,"expanded":false,"name":"戦闘テスト","order":2,"parentId":1,"scrollX":801.5,"scrollY":521},null,null,null,null,null,null,null,{"id":40,"expanded":false,"name":"イベントを作るところ","order":5,"parentId":1,"scrollX":1607,"scrollY":953},null,{"id":42,"expanded":false,"name":"シャル拠点","order":8,"parentId":1,"scrollX":1518.6666666666667,"scrollY":881.3333333333334},null,null,null,null,null,null,null,null,null,null,null,null,{"id":55,"expanded":false,"name":"テストマップ2","order":3,"parentId":1,"scrollX":1131,"scrollY":779},null,{"id":57,"expanded":false,"name":"汎用イベント/テスト","order":4,"parentId":1,"scrollX":1404,"scrollY":824.5714285714286},null,null,null,null,null,null,{"id":64,"expanded":true,"name":"アルラウネバトル","order":11,"parentId":1,"scrollX":1507.6363636363637,"scrollY":1926.5454545454547},null,null,null,{"id":68,"expanded":false,"name":"テストマップ3","order":12,"parentId":1,"scrollX":1242.5454545454545,"scrollY":721.0909090909091},null,null,null,null,{"id":73,"expanded":true,"name":"アトリエ拠点","order":9,"parentId":42,"scrollX":647.3333333333334,"scrollY":635.3333333333334},null,null,null,null,null,null,null,null,null,null,null,null,null,null,null,null,null,null,null,null,null,null,null,null,null,null,null,{"id":101,"expanded":true,"name":"ミスト屋敷","order":13,"parentId":0,"scrollX":801.5,"scrollY":521},{"id":102,"expanded":false,"name":"地下牢","order":14,"parentId":101,"scrollX":1380.5,"scrollY":513},{"id":103,"expanded":false,"name":"1Fまとめ","order":18,"parentId":104,"scrollX":1523.5,"scrollY":1442},{"id":104,"expanded":false,"name":"ハンター2オープニング","order":15,"parentId":101,"scrollX":801.5,"scrollY":521},{"id":105,"expanded":false,"name":"食堂","order":21,"parentId":118,"scrollX":1126.5,"scrollY":543},{"id":106,"expanded":true,"name":"倉庫","order":22,"parentId":118,"scrollX":1126.5,"scrollY":543},{"id":107,"expanded":true,"name":"調理場","order":23,"parentId":118,"scrollX":793.5,"scrollY":535},{"id":108,"expanded":false,"name":"食糧庫","order":24,"parentId":118,"scrollX":793.5,"scrollY":521},{"id":109,"expanded":false,"name":"書庫","order":36,"parentId":111,"scrollX":793.5,"scrollY":823},{"id":110,"expanded":false,"name":"応接室","order":25,"parentId":118,"scrollX":793.5,"scrollY":621},{"id":111,"expanded":true,"name":"2Fメインフロア","order":31,"parentId":101,"scrollX":2014.5,"scrollY":1555},{"id":112,"expanded":false,"name":"バルコニー","order":32,"parentId":111,"scrollX":1126.5,"scrollY":543},{"id":113,"expanded":false,"name":"館主の部屋","order":33,"parentId":111,"scrollX":793.5,"scrollY":688},{"id":114,"expanded":false,"name":"シィナの部屋（元執事）","order":34,"parentId":111,"scrollX":793.5,"scrollY":823},{"id":115,"expanded":false,"name":"リリーの部屋","order":35,"parentId":111,"scrollX":793.5,"scrollY":721},{"id":116,"expanded":false,"name":"ライムの部屋","order":26,"parentId":118,"scrollX":793.5,"scrollY":535},{"id":117,"expanded":false,"name":"回想部屋","order":10,"parentId":42,"scrollX":1048.5,"scrollY":468.5},{"id":118,"expanded":true,"name":"メインフロア","order":20,"parentId":101,"scrollX":1486.5,"scrollY":513},{"id":119,"expanded":true,"name":"メインフロア","order":17,"parentId":104,"scrollX":1217.5,"scrollY":1442},{"id":120,"expanded":true,"name":"没テスト９－１","order":6,"parentId":1,"scrollX":1508,"scrollY":881.3333333333334},{"id":121,"expanded":true,"name":"メインフロア予備","order":16,"parentId":104,"scrollX":2086.5,"scrollY":1442},{"id":122,"expanded":true,"name":"メインフロア","order":19,"parentId":103,"scrollX":1233.8181818181818,"scrollY":1534.909090909091},{"id":123,"expanded":true,"name":"イベント用マップ","order":38,"parentId":101,"scrollX":801.5,"scrollY":521},{"id":124,"expanded":false,"name":"館主の部屋","order":48,"parentId":123,"scrollX":793.5,"scrollY":823},{"id":125,"expanded":true,"name":"調理場","order":39,"parentId":123,"scrollX":793.5,"scrollY":727},{"id":126,"expanded":false,"name":"ある日のロメリア","order":40,"parentId":123,"scrollX":801.5,"scrollY":521},{"id":127,"expanded":false,"name":"リリーの部屋","order":41,"parentId":123,"scrollX":793.5,"scrollY":535},{"id":128,"expanded":false,"name":"お風呂イベント","order":27,"parentId":116,"scrollX":793.5,"scrollY":683},{"id":129,"expanded":false,"name":"お風呂イベント","order":42,"parentId":123,"scrollX":793.5,"scrollY":645},{"id":130,"expanded":true,"name":"外","order":29,"parentId":118,"scrollX":793.5,"scrollY":1303},{"id":131,"expanded":false,"name":"地下牢","order":43,"parentId":123,"scrollX":1258.5,"scrollY":645},{"id":132,"expanded":false,"name":"ヤラレイベント","order":44,"parentId":123,"scrollX":793.5,"scrollY":653},{"id":133,"expanded":false,"name":"ゲームオーバー地下牢","order":45,"parentId":123,"scrollX":1139.5,"scrollY":653},{"id":134,"expanded":true,"name":"玄関壊しバトル用","order":30,"parentId":118,"scrollX":1316.5,"scrollY":1555},{"id":135,"expanded":false,"name":"エロイベ地下牢","order":46,"parentId":123,"scrollX":1486.3636363636365,"scrollY":688.3636363636364},{"id":136,"expanded":false,"name":"クリア部屋","order":56,"parentId":101,"scrollX":793.5,"scrollY":621},{"id":137,"expanded":true,"name":"お風呂前茶番","order":28,"parentId":116,"scrollX":793.5,"scrollY":776},{"id":138,"expanded":true,"name":"書庫イベント","order":37,"parentId":109,"scrollX":865.6363636363636,"scrollY":775.6363636363636},null,{"id":140,"expanded":false,"name":"バルコニー回想","order":47,"parentId":123,"scrollX":793.5,"scrollY":543},{"id":141,"expanded":false,"name":"食堂","order":49,"parentId":123,"scrollX":874.5,"scrollY":543},{"id":142,"expanded":false,"name":"外","order":50,"parentId":123,"scrollX":793.5,"scrollY":535},{"id":143,"expanded":false,"name":"リリーの部屋","order":51,"parentId":142,"scrollX":793.5,"scrollY":535},{"id":144,"expanded":false,"name":"待ちぼうけ","order":53,"parentId":145,"scrollX":793.5,"scrollY":684},{"id":145,"expanded":false,"name":"バルコニー","order":52,"parentId":123,"scrollX":1126.5,"scrollY":543}]