﻿[null,{"id":1,"autoRemovalTiming":0,"chanceByDamage":100,"iconIndex":1,"maxTurns":1,"message1":" fell!","message2":" is defeated!","message3":"","message4":" got up!","minTurns":1,"motion":3,"name":"Unable to Fight","note":"State 1 when hp reaches 0\nIt is automatically attached.","overlay":0,"priority":100,"releaseByDamage":false,"removeAtBattleEnd":false,"removeByDamage":false,"removeByRestriction":false,"removeByWalking":false,"restriction":4,"stepsToRemove":100,"traits":[{"code":23,"dataId":9,"value":0}]},{"id":2,"autoRemovalTiming":2,"chanceByDamage":100,"description":"","iconIndex":0,"maxTurns":2,"message1":"","message2":"","message3":"","message4":"","minTurns":2,"motion":0,"name":"Defend","note":"","overlay":0,"priority":0,"removeAtBattleEnd":true,"removeByDamage":false,"removeByRestriction":true,"removeByWalking":false,"restriction":0,"stepsToRemove":100,"traits":[{"code":62,"dataId":1,"value":0}]},{"id":3,"autoRemovalTiming":0,"chanceByDamage":100,"description":"","iconIndex":0,"maxTurns":1,"message1":"","message2":"","message3":"","message4":"","minTurns":1,"motion":0,"name":"Invincible","note":"","overlay":0,"priority":0,"removeAtBattleEnd":true,"removeByDamage":false,"removeByRestriction":false,"removeByWalking":false,"restriction":0,"stepsToRemove":100,"traits":[{"code":14,"dataId":1,"value":0}]},{"id":4,"autoRemovalTiming":1,"chanceByDamage":100,"iconIndex":2,"maxTurns":7,"message1":" is affected by aphrodisiacs!","message2":" has been poisioned!","message3":"","message4":"","minTurns":4,"motion":1,"overlay":1,"name":"Aphrodisiac","note":"","priority":50,"releaseByDamage":false,"removeAtBattleEnd":true,"removeByDamage":false,"removeByRestriction":false,"removeByWalking":false,"restriction":0,"stepsToRemove":100,"traits":[{"code":22,"dataId":7,"value":-0.05}]},{"id":5,"autoRemovalTiming":1,"chanceByDamage":100,"iconIndex":3,"maxTurns":5,"message1":" can't see!","message2":"Closed to darkness!","message3":"","message4":"","minTurns":3,"motion":1,"name":"dark","note":"","overlay":2,"priority":60,"releaseByDamage":false,"removeAtBattleEnd":true,"removeByDamage":false,"removeByRestriction":false,"removeByWalking":false,"restriction":0,"stepsToRemove":100,"traits":[{"code":22,"dataId":0,"value":-0.5},{"code":23,"dataId":4,"value":1.5}]},{"id":6,"autoRemovalTiming":1,"chanceByDamage":100,"iconIndex":6,"maxTurns":1,"message1":"I'm scared!","message2":"I'm scared!","message3":"","message4":"","minTurns":1,"motion":1,"name":"Stan","note":"","overlay":0,"priority":65,"releaseByDamage":false,"removeAtBattleEnd":true,"removeByDamage":false,"removeByRestriction":false,"removeByWalking":false,"restriction":4,"stepsToRemove":100,"traits":[]},{"id":7,"autoRemovalTiming":1,"chanceByDamage":50,"iconIndex":51,"maxTurns":4,"message1":" became sensitive!","message2":" is really sensitive!","message3":"","message4":"","minTurns":2,"motion":1,"name":"Sensitive","note":"","overlay":4,"priority":70,"releaseByDamage":false,"removeAtBattleEnd":true,"removeByDamage":false,"removeByRestriction":false,"removeByWalking":false,"restriction":0,"stepsToRemove":100,"traits":[{"code":21,"dataId":3,"value":0.5},{"code":21,"dataId":5,"value":0.5}]},{"id":8,"autoRemovalTiming":1,"chanceByDamage":42,"iconIndex":9,"maxTurns":3,"message1":" has been bound!","message2":" was bound!","message3":"","message4":" broke free!","minTurns":1,"motion":1,"name":"Bound","note":"","overlay":0,"priority":75,"releaseByDamage":false,"removeAtBattleEnd":true,"removeByDamage":true,"removeByRestriction":false,"removeByWalking":false,"restriction":4,"stepsToRemove":100,"traits":[]},{"id":9,"autoRemovalTiming":1,"chanceByDamage":70,"iconIndex":7,"maxTurns":3,"message1":" has been charmed!","message2":" was charmed!","message3":" is under the enemy's spell...","message4":"","minTurns":1,"motion":1,"name":"Charm","note":"","overlay":6,"priority":80,"releaseByDamage":false,"removeAtBattleEnd":true,"removeByDamage":true,"removeByRestriction":false,"removeByWalking":false,"restriction":4,"stepsToRemove":100,"traits":[]},{"id":10,"autoRemovalTiming":1,"chanceByDamage":100,"iconIndex":50,"maxTurns":5,"message1":" lost all strength...","message2":" lost all strength...","message3":"","message4":"","minTurns":3,"motion":2,"name":"Exhaustion","note":"","overlay":7,"priority":90,"releaseByDamage":true,"removeAtBattleEnd":true,"removeByDamage":false,"removeByRestriction":false,"removeByWalking":false,"restriction":0,"stepsToRemove":100,"traits":[{"code":21,"dataId":2,"value":0.7},{"code":21,"dataId":4,"value":0.7}]},{"id":11,"autoRemovalTiming":0,"chanceByDamage":100,"traits":[{"code":22,"dataId":7,"value":-0.02},{"code":21,"dataId":3,"value":0.3},{"code":21,"dataId":6,"value":0}],"iconIndex":1,"maxTurns":1,"message1":" has lost the will to resist...","message2":"","message3":"","message4":"","minTurns":1,"motion":3,"name":"Give in","note":"","overlay":0,"priority":100,"removeAtBattleEnd":true,"removeByDamage":false,"removeByRestriction":false,"removeByWalking":false,"restriction":4,"stepsToRemove":100},{"id":12,"autoRemovalTiming":2,"chanceByDamage":15,"traits":[{"code":21,"dataId":2,"value":1.2},{"code":44,"dataId":1027,"value":1},{"code":21,"dataId":6,"value":0.5}],"iconIndex":21,"maxTurns":5,"message1":" couldn't control their arousal!","message2":"","message3":" is very aroused...","message4":"","minTurns":3,"motion":0,"name":"Arousal","note":"<SAC防御封印スイッチ:107>","overlay":0,"priority":90,"removeAtBattleEnd":true,"removeByDamage":true,"removeByRestriction":false,"removeByWalking":false,"restriction":0,"stepsToRemove":100},{"id":13,"autoRemovalTiming":2,"chanceByDamage":0,"traits":[{"code":21,"dataId":6,"value":0.5}],"iconIndex":54,"maxTurns":4,"message1":"It's slower...","message2":"","message3":"","message4":"","minTurns":4,"motion":0,"name":"Slow","note":"","overlay":0,"priority":90,"removeAtBattleEnd":true,"removeByDamage":false,"removeByRestriction":false,"removeByWalking":true,"restriction":0,"stepsToRemove":100},{"id":14,"autoRemovalTiming":0,"chanceByDamage":100,"traits":[{"code":21,"dataId":3,"value":0.2}],"iconIndex":1,"maxTurns":1,"message1":" has lost the will to resist...","message2":"","message3":"","message4":"","minTurns":1,"motion":3,"name":"I can't act.","note":"","overlay":0,"priority":100,"removeAtBattleEnd":true,"removeByDamage":false,"removeByRestriction":false,"removeByWalking":false,"restriction":4,"stepsToRemove":100},{"id":15,"autoRemovalTiming":2,"chanceByDamage":100,"traits":[{"code":14,"dataId":37,"value":1}],"iconIndex":23,"maxTurns":5,"message1":" is acting lustfully...","message2":"","message3":"","message4":"","minTurns":4,"motion":0,"name":"Lust","note":"","overlay":0,"priority":50,"removeAtBattleEnd":true,"removeByDamage":false,"removeByRestriction":false,"removeByWalking":false,"restriction":0,"stepsToRemove":100},{"id":16,"autoRemovalTiming":2,"chanceByDamage":100,"iconIndex":23,"maxTurns":3,"message1":" lost all strength...","message2":"","message3":"","message4":"","minTurns":3,"motion":2,"name":"Remembering Defeat","note":"","overlay":7,"priority":90,"releaseByDamage":true,"removeAtBattleEnd":true,"removeByDamage":false,"removeByRestriction":false,"removeByWalking":false,"restriction":0,"stepsToRemove":100,"traits":[{"code":21,"dataId":2,"value":0.7},{"code":21,"dataId":4,"value":0.7},{"code":21,"dataId":3,"value":0.7},{"code":21,"dataId":5,"value":0.7},{"code":21,"dataId":6,"value":0.7}]},{"id":17,"autoRemovalTiming":0,"chanceByDamage":100,"traits":[{"code":21,"dataId":0,"value":1.5},{"code":21,"dataId":1,"value":1.5},{"code":21,"dataId":2,"value":1.5},{"code":21,"dataId":3,"value":1.5},{"code":21,"dataId":4,"value":1.5},{"code":21,"dataId":5,"value":1.5}],"iconIndex":70,"maxTurns":1,"message1":"","message2":"","message3":"","message4":"","minTurns":1,"motion":0,"name":"Iren Buff","note":"","overlay":0,"priority":50,"removeAtBattleEnd":true,"removeByDamage":false,"removeByRestriction":false,"removeByWalking":false,"restriction":0,"stepsToRemove":100},{"id":18,"autoRemovalTiming":1,"chanceByDamage":50,"traits":[{"code":21,"dataId":2,"value":1.3},{"code":21,"dataId":4,"value":1.5}],"iconIndex":34,"maxTurns":5,"message1":"ATK and skill have improved!","message2":"","message3":"","message4":"","minTurns":3,"motion":0,"name":"ATK Up","note":"","overlay":0,"priority":90,"removeAtBattleEnd":true,"removeByDamage":false,"removeByRestriction":false,"removeByWalking":false,"restriction":0,"stepsToRemove":100},{"id":19,"autoRemovalTiming":1,"chanceByDamage":50,"traits":[{"code":21,"dataId":3,"value":1.3},{"code":21,"dataId":5,"value":1.3}],"iconIndex":35,"maxTurns":5,"message1":"Def and mental power have gone up!","message2":"","message3":"","message4":"","minTurns":3,"motion":0,"name":"Defense Up","note":"","overlay":0,"priority":90,"removeAtBattleEnd":true,"removeByDamage":false,"removeByRestriction":false,"removeByWalking":false,"restriction":0,"stepsToRemove":100},{"id":20,"autoRemovalTiming":2,"chanceByDamage":100,"traits":[{"code":21,"dataId":5,"value":1.2},{"code":21,"dataId":3,"value":1.2},{"code":21,"dataId":6,"value":2}],"iconIndex":0,"maxTurns":2,"message1":" is on alert!","message2":"","message3":"","message4":"","minTurns":2,"motion":0,"name":"Cautious","note":"","overlay":0,"priority":50,"removeAtBattleEnd":false,"removeByDamage":false,"removeByRestriction":false,"removeByWalking":false,"restriction":0,"stepsToRemove":100},{"id":21,"autoRemovalTiming":0,"chanceByDamage":100,"traits":[{"code":21,"dataId":0,"value":1.5},{"code":21,"dataId":1,"value":1.5},{"code":21,"dataId":2,"value":1.5},{"code":21,"dataId":3,"value":1.5},{"code":21,"dataId":4,"value":1.5},{"code":21,"dataId":5,"value":1.5},{"code":21,"dataId":6,"value":1.5},{"code":21,"dataId":7,"value":1.5}],"iconIndex":87,"maxTurns":2,"message1":" ","message2":"","message3":"","message4":"","minTurns":2,"motion":0,"name":"Demon","note":"","overlay":0,"priority":50,"removeAtBattleEnd":true,"removeByDamage":false,"removeByRestriction":false,"removeByWalking":false,"restriction":0,"stepsToRemove":100},{"id":22,"autoRemovalTiming":0,"chanceByDamage":100,"traits":[{"code":13,"dataId":5,"value":3},{"code":13,"dataId":6,"value":3},{"code":13,"dataId":7,"value":3},{"code":13,"dataId":8,"value":3},{"code":13,"dataId":9,"value":3},{"code":13,"dataId":10,"value":3},{"code":13,"dataId":12,"value":3},{"code":13,"dataId":13,"value":3},{"code":23,"dataId":4,"value":1.5},{"code":23,"dataId":5,"value":0.5},{"code":64,"dataId":5,"value":1}],"iconIndex":0,"maxTurns":2,"message1":"","message2":"","message3":"","message4":"","minTurns":2,"motion":0,"name":"Hard Mode","note":"","overlay":0,"priority":50,"removeAtBattleEnd":true,"removeByDamage":false,"removeByRestriction":false,"removeByWalking":false,"restriction":0,"stepsToRemove":100},{"id":23,"autoRemovalTiming":2,"chanceByDamage":100,"traits":[{"code":14,"dataId":6,"value":1},{"code":14,"dataId":7,"value":1},{"code":14,"dataId":8,"value":1},{"code":14,"dataId":9,"value":1},{"code":14,"dataId":10,"value":1},{"code":14,"dataId":12,"value":1},{"code":14,"dataId":13,"value":1},{"code":14,"dataId":5,"value":1},{"code":14,"dataId":4,"value":1},{"code":14,"dataId":15,"value":1}],"iconIndex":67,"maxTurns":7,"message1":" increased their concentration...","message2":"","message3":"","message4":"","minTurns":4,"motion":0,"name":"Concentration","note":"","overlay":0,"priority":50,"removeAtBattleEnd":false,"removeByDamage":false,"removeByRestriction":false,"removeByWalking":false,"restriction":0,"stepsToRemove":100},{"id":24,"autoRemovalTiming":2,"chanceByDamage":100,"traits":[],"iconIndex":0,"maxTurns":1,"message1":"","message2":"","message3":"","message4":"","minTurns":1,"motion":0,"name":"Dummy State","note":"","overlay":0,"priority":50,"removeAtBattleEnd":true,"removeByDamage":false,"removeByRestriction":false,"removeByWalking":false,"restriction":0,"stepsToRemove":100},{"id":25,"autoRemovalTiming":1,"chanceByDamage":100,"traits":[{"code":22,"dataId":8,"value":-0.01}],"iconIndex":2,"maxTurns":1,"message1":"","message2":"poison","message3":"","message4":"","minTurns":1,"motion":0,"name":"A hero poison","note":"","overlay":1,"priority":50,"removeAtBattleEnd":false,"removeByDamage":false,"removeByRestriction":false,"removeByWalking":true,"restriction":0,"stepsToRemove":100},{"id":26,"autoRemovalTiming":1,"chanceByDamage":100,"traits":[{"code":21,"dataId":7,"value":0.5}],"iconIndex":50,"maxTurns":1,"message1":"","message2":"poison","message3":"","message4":"","minTurns":1,"motion":0,"name":"A Hero Weakness","note":"","overlay":1,"priority":50,"removeAtBattleEnd":false,"removeByDamage":false,"removeByRestriction":false,"removeByWalking":true,"restriction":0,"stepsToRemove":50},{"id":27,"autoRemovalTiming":1,"chanceByDamage":100,"traits":[],"iconIndex":38,"maxTurns":1,"message1":"","message2":"poison","message3":"","message4":"","minTurns":1,"motion":0,"name":"A Hero Acceleration","note":"<shotIntervalRate:0.5>","overlay":1,"priority":50,"removeAtBattleEnd":false,"removeByDamage":false,"removeByRestriction":false,"removeByWalking":true,"restriction":0,"stepsToRemove":20},{"id":28,"autoRemovalTiming":1,"chanceByDamage":100,"traits":[],"iconIndex":54,"maxTurns":1,"message1":"","message2":"poison","message3":"","message4":"","minTurns":1,"motion":0,"name":"A Hero deceleration","note":"<shotIntervalRate:2>","overlay":1,"priority":50,"removeAtBattleEnd":false,"removeByDamage":false,"removeByRestriction":false,"removeByWalking":true,"restriction":0,"stepsToRemove":50},{"id":29,"autoRemovalTiming":1,"chanceByDamage":100,"traits":[],"iconIndex":118,"maxTurns":1,"message1":"","message2":"poison","message3":"","message4":"","minTurns":1,"motion":0,"name":"A Hero Ball Increase","note":"<shotWay:1>","overlay":1,"priority":50,"removeAtBattleEnd":false,"removeByDamage":false,"removeByRestriction":false,"removeByWalking":true,"restriction":0,"stepsToRemove":20},{"id":30,"autoRemovalTiming":1,"chanceByDamage":100,"traits":[],"iconIndex":118,"maxTurns":1,"message1":"","message2":"poison","message3":"","message4":"","minTurns":1,"motion":0,"name":"A Hero Ball Increase","note":"<shotWay:1>","overlay":1,"priority":50,"removeAtBattleEnd":false,"removeByDamage":false,"removeByRestriction":false,"removeByWalking":true,"restriction":0,"stepsToRemove":20},{"id":31,"autoRemovalTiming":1,"chanceByDamage":100,"traits":[],"iconIndex":25,"maxTurns":1,"message1":"","message2":"","message3":"","message4":"","minTurns":1,"motion":0,"name":"A Hero attack impossible","note":"<shotWay:-999>","overlay":1,"priority":50,"removeAtBattleEnd":false,"removeByDamage":false,"removeByRestriction":false,"removeByWalking":true,"restriction":0,"stepsToRemove":50},{"id":32,"autoRemovalTiming":1,"chanceByDamage":100,"traits":[],"iconIndex":62,"maxTurns":1,"message1":"","message2":"poison","message3":"","message4":"","minTurns":1,"motion":0,"name":"","note":"<shotIntervalRate:2>","overlay":1,"priority":50,"removeAtBattleEnd":false,"removeByDamage":false,"removeByRestriction":false,"removeByWalking":true,"restriction":0,"stepsToRemove":50},{"id":33,"autoRemovalTiming":0,"chanceByDamage":100,"traits":[],"iconIndex":0,"maxTurns":1,"message1":"","message2":"","message3":"","message4":"","minTurns":1,"motion":0,"name":"~ Additional status ~","note":"","overlay":0,"priority":50,"removeAtBattleEnd":false,"removeByDamage":false,"removeByRestriction":false,"removeByWalking":false,"restriction":0,"stepsToRemove":100},{"id":34,"autoRemovalTiming":0,"chanceByDamage":100,"traits":[{"code":21,"dataId":2,"value":1.5},{"code":21,"dataId":3,"value":0.75}],"iconIndex":12,"maxTurns":1,"message1":"I got a tick!","message2":"","message3":"","message4":"","minTurns":1,"motion":0,"name":"Kachikochi","note":"","overlay":0,"priority":50,"removeAtBattleEnd":false,"removeByDamage":false,"removeByRestriction":false,"removeByWalking":false,"restriction":0,"stepsToRemove":100},{"id":35,"autoRemovalTiming":0,"chanceByDamage":100,"traits":[{"code":21,"dataId":2,"value":1.5},{"code":21,"dataId":3,"value":0.75}],"iconIndex":12,"maxTurns":1,"message1":"I got a tick!","message2":"","message3":"","message4":"","minTurns":1,"motion":0,"name":"Wither.","note":"","overlay":0,"priority":50,"removeAtBattleEnd":false,"removeByDamage":false,"removeByRestriction":false,"removeByWalking":false,"restriction":0,"stepsToRemove":100},{"id":36,"autoRemovalTiming":0,"chanceByDamage":100,"traits":[{"code":11,"dataId":22,"value":1.25},{"code":11,"dataId":20,"value":1.25},{"code":11,"dataId":21,"value":1.25}],"iconIndex":11,"maxTurns":1,"message1":" became all slimy!","message2":"","message3":"","message4":"","minTurns":1,"motion":0,"name":"Slimy","note":"","overlay":0,"priority":50,"removeAtBattleEnd":false,"removeByDamage":false,"removeByRestriction":false,"removeByWalking":false,"restriction":0,"stepsToRemove":100},{"id":37,"autoRemovalTiming":2,"chanceByDamage":100,"traits":[{"code":13,"dataId":15,"value":0.5}],"iconIndex":67,"maxTurns":5,"message1":" became sober!","message2":"","message3":"","message4":"","minTurns":5,"motion":0,"name":"Calm","note":"","overlay":0,"priority":50,"removeAtBattleEnd":true,"removeByDamage":false,"removeByRestriction":false,"removeByWalking":false,"restriction":0,"stepsToRemove":100},{"id":38,"autoRemovalTiming":2,"chanceByDamage":100,"traits":[{"code":21,"dataId":0,"value":1.2}],"iconIndex":72,"maxTurns":10,"message1":"","message2":"","message3":"","message4":"","minTurns":8,"motion":0,"name":"amplification","note":"","overlay":0,"priority":50,"removeAtBattleEnd":true,"removeByDamage":false,"removeByRestriction":false,"removeByWalking":true,"restriction":0,"stepsToRemove":600},{"id":39,"autoRemovalTiming":0,"chanceByDamage":100,"traits":[],"iconIndex":0,"maxTurns":1,"message1":"","message2":"","message3":"","message4":"","minTurns":1,"motion":0,"name":"","note":"","overlay":0,"priority":50,"removeAtBattleEnd":false,"removeByDamage":false,"removeByRestriction":false,"removeByWalking":false,"restriction":0,"stepsToRemove":100},{"id":40,"autoRemovalTiming":2,"chanceByDamage":100,"traits":[{"code":21,"dataId":2,"value":0.75}],"iconIndex":50,"maxTurns":5,"message1":" lost their strength!","message2":"","message3":"","message4":"","minTurns":3,"motion":0,"name":"~ For events ~","note":"","overlay":0,"priority":50,"removeAtBattleEnd":true,"removeByDamage":false,"removeByRestriction":false,"removeByWalking":false,"restriction":0,"stepsToRemove":100},{"id":41,"autoRemovalTiming":0,"chanceByDamage":100,"traits":[{"code":21,"dataId":3,"value":0}],"iconIndex":0,"maxTurns":1,"message1":"The DEF of has gone down...","message2":"","message3":"","message4":"","minTurns":1,"motion":0,"name":"Defense Down (Large)","note":"","overlay":0,"priority":50,"removeAtBattleEnd":true,"removeByDamage":false,"removeByRestriction":false,"removeByWalking":false,"restriction":0,"stepsToRemove":100},{"id":42,"autoRemovalTiming":0,"chanceByDamage":100,"traits":[{"code":21,"dataId":2,"value":10},{"code":21,"dataId":2,"value":10},{"code":21,"dataId":2,"value":10}],"iconIndex":0,"maxTurns":1,"message1":"","message2":"","message3":"","message4":"","minTurns":1,"motion":0,"name":"ATK Morimori MAX","note":"","overlay":0,"priority":50,"removeAtBattleEnd":false,"removeByDamage":false,"removeByRestriction":false,"removeByWalking":false,"restriction":0,"stepsToRemove":100},{"id":43,"autoRemovalTiming":0,"chanceByDamage":100,"traits":[{"code":44,"dataId":1,"value":1},{"code":42,"dataId":1,"value":1}],"iconIndex":0,"maxTurns":1,"message1":"","message2":"","message3":"","message4":"","minTurns":1,"motion":0,"name":"No attack","note":"","overlay":0,"priority":50,"removeAtBattleEnd":true,"removeByDamage":false,"removeByRestriction":false,"removeByWalking":false,"restriction":0,"stepsToRemove":100},{"id":44,"autoRemovalTiming":0,"chanceByDamage":100,"traits":[{"code":21,"dataId":6,"value":10},{"code":21,"dataId":6,"value":10},{"code":21,"dataId":6,"value":10}],"iconIndex":0,"maxTurns":1,"message1":"","message2":"","message3":"","message4":"","minTurns":1,"motion":0,"name":"Quickness Max","note":"","overlay":0,"priority":50,"removeAtBattleEnd":true,"removeByDamage":false,"removeByRestriction":false,"removeByWalking":false,"restriction":0,"stepsToRemove":100},{"id":45,"autoRemovalTiming":0,"chanceByDamage":100,"traits":[{"code":21,"dataId":6,"value":0}],"iconIndex":0,"maxTurns":1,"message1":"","message2":"","message3":"","message4":"","minTurns":1,"motion":0,"name":"Quickness 0","note":"","overlay":0,"priority":50,"removeAtBattleEnd":true,"removeByDamage":false,"removeByRestriction":false,"removeByWalking":false,"restriction":0,"stepsToRemove":100},{"id":46,"autoRemovalTiming":0,"chanceByDamage":100,"traits":[{"code":22,"dataId":7,"value":-0.1},{"code":21,"dataId":3,"value":0},{"code":21,"dataId":5,"value":0}],"iconIndex":0,"maxTurns":1,"message1":"","message2":"","message3":"","message4":"","minTurns":1,"motion":0,"name":"For forced defeat","note":"","overlay":0,"priority":50,"removeAtBattleEnd":true,"removeByDamage":false,"removeByRestriction":false,"removeByWalking":false,"restriction":0,"stepsToRemove":100},{"id":47,"autoRemovalTiming":0,"chanceByDamage":100,"traits":[{"code":21,"dataId":0,"value":0}],"iconIndex":0,"maxTurns":1,"message1":"","message2":"","message3":"","message4":"","minTurns":1,"motion":0,"name":"HP1","note":"","overlay":0,"priority":50,"removeAtBattleEnd":false,"removeByDamage":false,"removeByRestriction":false,"removeByWalking":false,"restriction":0,"stepsToRemove":100},{"id":48,"autoRemovalTiming":2,"chanceByDamage":100,"traits":[{"code":61,"dataId":0,"value":1}],"iconIndex":67,"maxTurns":4,"message1":"","message2":"","message3":"","message4":"","minTurns":4,"motion":0,"name":"decision","note":"","overlay":0,"priority":50,"removeAtBattleEnd":false,"removeByDamage":false,"removeByRestriction":false,"removeByWalking":false,"restriction":0,"stepsToRemove":100},{"id":49,"autoRemovalTiming":0,"chanceByDamage":100,"iconIndex":0,"maxTurns":7,"message1":"Is estrus...","message2":"","message3":"","message4":"","minTurns":4,"motion":1,"overlay":1,"name":"??","note":"","priority":50,"releaseByDamage":false,"removeAtBattleEnd":false,"removeByDamage":false,"removeByRestriction":false,"removeByWalking":false,"restriction":0,"stepsToRemove":100,"traits":[{"code":22,"dataId":7,"value":-0.07}]},{"id":50,"autoRemovalTiming":0,"chanceByDamage":100,"traits":[{"code":42,"dataId":1,"value":1},{"code":21,"dataId":2,"value":0},{"code":21,"dataId":3,"value":0},{"code":21,"dataId":5,"value":0}],"iconIndex":0,"maxTurns":1,"message1":"","message2":"","message3":"","message4":"","minTurns":1,"motion":0,"name":"disturbance","note":"","overlay":0,"priority":50,"removeAtBattleEnd":true,"removeByDamage":false,"removeByRestriction":false,"removeByWalking":false,"restriction":0,"stepsToRemove":100},{"id":51,"autoRemovalTiming":0,"chanceByDamage":100,"traits":[{"code":21,"dataId":2,"value":0},{"code":21,"dataId":2,"value":0}],"iconIndex":11,"maxTurns":1,"message1":"","message2":"","message3":"","message4":"","minTurns":1,"motion":0,"name":"Frightened","note":"","overlay":0,"priority":50,"removeAtBattleEnd":true,"removeByDamage":false,"removeByRestriction":false,"removeByWalking":false,"restriction":0,"stepsToRemove":100},{"id":52,"autoRemovalTiming":0,"chanceByDamage":100,"traits":[{"code":21,"dataId":3,"value":0},{"code":21,"dataId":5,"value":0}],"iconIndex":26,"maxTurns":1,"message1":"","message2":"","message3":"","message4":"","minTurns":1,"motion":0,"name":"fear","note":"","overlay":0,"priority":50,"removeAtBattleEnd":true,"removeByDamage":false,"removeByRestriction":false,"removeByWalking":false,"restriction":0,"stepsToRemove":100},{"id":53,"autoRemovalTiming":0,"chanceByDamage":100,"traits":[{"code":22,"dataId":7,"value":0.3},{"code":21,"dataId":3,"value":2},{"code":21,"dataId":0,"value":3}],"iconIndex":0,"maxTurns":1,"message1":"","message2":"","message3":"","message4":"","minTurns":1,"motion":0,"name":"Somewhat invincible","note":"","overlay":0,"priority":50,"removeAtBattleEnd":true,"removeByDamage":false,"removeByRestriction":false,"removeByWalking":false,"restriction":0,"stepsToRemove":100},{"id":54,"autoRemovalTiming":0,"chanceByDamage":100,"traits":[],"iconIndex":0,"maxTurns":1,"message1":"","message2":"","message3":"","message4":"","minTurns":1,"motion":0,"name":"","note":"","overlay":0,"priority":50,"removeAtBattleEnd":false,"removeByDamage":false,"removeByRestriction":false,"removeByWalking":false,"restriction":0,"stepsToRemove":100},{"id":55,"autoRemovalTiming":0,"chanceByDamage":100,"traits":[],"iconIndex":0,"maxTurns":1,"message1":"","message2":"","message3":"","message4":"","minTurns":1,"motion":0,"name":"","note":"","overlay":0,"priority":50,"removeAtBattleEnd":false,"removeByDamage":false,"removeByRestriction":false,"removeByWalking":false,"restriction":0,"stepsToRemove":100},{"id":56,"autoRemovalTiming":0,"chanceByDamage":100,"traits":[],"iconIndex":0,"maxTurns":1,"message1":"","message2":"","message3":"","message4":"","minTurns":1,"motion":0,"name":"","note":"","overlay":0,"priority":50,"removeAtBattleEnd":false,"removeByDamage":false,"removeByRestriction":false,"removeByWalking":false,"restriction":0,"stepsToRemove":100},{"id":57,"autoRemovalTiming":0,"chanceByDamage":100,"traits":[],"iconIndex":0,"maxTurns":1,"message1":"","message2":"","message3":"","message4":"","minTurns":1,"motion":0,"name":"","note":"","overlay":0,"priority":50,"removeAtBattleEnd":false,"removeByDamage":false,"removeByRestriction":false,"removeByWalking":false,"restriction":0,"stepsToRemove":100},{"id":58,"autoRemovalTiming":0,"chanceByDamage":100,"traits":[],"iconIndex":0,"maxTurns":1,"message1":"","message2":"","message3":"","message4":"","minTurns":1,"motion":0,"name":"","note":"","overlay":0,"priority":50,"removeAtBattleEnd":false,"removeByDamage":false,"removeByRestriction":false,"removeByWalking":false,"restriction":0,"stepsToRemove":100},{"id":59,"autoRemovalTiming":0,"chanceByDamage":100,"traits":[],"iconIndex":0,"maxTurns":1,"message1":"","message2":"","message3":"","message4":"","minTurns":1,"motion":0,"name":"","note":"","overlay":0,"priority":50,"removeAtBattleEnd":false,"removeByDamage":false,"removeByRestriction":false,"removeByWalking":false,"restriction":0,"stepsToRemove":100},{"id":60,"autoRemovalTiming":0,"chanceByDamage":100,"traits":[],"iconIndex":0,"maxTurns":1,"message1":"","message2":"","message3":"","message4":"","minTurns":1,"motion":0,"name":"~ Enemy State ~","note":"","overlay":0,"priority":50,"removeAtBattleEnd":false,"removeByDamage":false,"removeByRestriction":false,"removeByWalking":false,"restriction":0,"stepsToRemove":100},{"id":61,"autoRemovalTiming":1,"chanceByDamage":100,"iconIndex":2,"maxTurns":10,"message1":"","message2":" was affected by the aphrodisiac!","message3":"","message4":"","minTurns":5,"motion":1,"overlay":1,"name":"Enemy Aphrodisiac","note":"","priority":50,"releaseByDamage":false,"removeAtBattleEnd":false,"removeByDamage":false,"removeByRestriction":false,"removeByWalking":false,"restriction":0,"stepsToRemove":100,"traits":[{"code":22,"dataId":7,"value":-0.011000000000000001}]},{"id":62,"autoRemovalTiming":0,"chanceByDamage":100,"traits":[{"code":21,"dataId":2,"value":10}],"iconIndex":0,"maxTurns":1,"message1":"","message2":"","message3":"","message4":"","minTurns":1,"motion":0,"name":"strongest","note":"","overlay":0,"priority":50,"removeAtBattleEnd":false,"removeByDamage":false,"removeByRestriction":false,"removeByWalking":false,"restriction":0,"stepsToRemove":100},{"id":63,"autoRemovalTiming":0,"chanceByDamage":100,"traits":[{"code":21,"dataId":2,"value":10},{"code":21,"dataId":2,"value":10},{"code":21,"dataId":2,"value":10},{"code":21,"dataId":2,"value":10},{"code":21,"dataId":2,"value":10},{"code":21,"dataId":2,"value":10},{"code":21,"dataId":2,"value":10}],"iconIndex":0,"maxTurns":1,"message1":"","message2":"","message3":"","message4":"","minTurns":1,"motion":0,"name":"Strongest 10","note":"","overlay":0,"priority":50,"removeAtBattleEnd":false,"removeByDamage":false,"removeByRestriction":false,"removeByWalking":false,"restriction":0,"stepsToRemove":100},{"id":64,"autoRemovalTiming":0,"chanceByDamage":100,"traits":[{"code":21,"dataId":0,"value":0.7},{"code":21,"dataId":2,"value":0.7},{"code":21,"dataId":3,"value":0.7},{"code":21,"dataId":4,"value":0.7},{"code":21,"dataId":5,"value":0.7},{"code":21,"dataId":6,"value":0.7},{"code":21,"dataId":7,"value":0.7},{"code":13,"dataId":6,"value":2},{"code":13,"dataId":10,"value":2},{"code":13,"dataId":61,"value":2},{"code":13,"dataId":7,"value":2},{"code":13,"dataId":8,"value":2}],"iconIndex":0,"maxTurns":1,"message1":"","message2":"","message3":"","message4":"","minTurns":1,"motion":0,"name":"Easy mode","note":"","overlay":0,"priority":50,"removeAtBattleEnd":true,"removeByDamage":false,"removeByRestriction":false,"removeByWalking":false,"restriction":0,"stepsToRemove":100},{"id":65,"autoRemovalTiming":0,"chanceByDamage":100,"traits":[],"iconIndex":0,"maxTurns":1,"message1":"","message2":"","message3":"","message4":"","minTurns":1,"motion":0,"name":"","note":"","overlay":0,"priority":50,"removeAtBattleEnd":false,"removeByDamage":false,"removeByRestriction":false,"removeByWalking":false,"restriction":0,"stepsToRemove":100},{"id":66,"autoRemovalTiming":0,"chanceByDamage":100,"traits":[],"iconIndex":0,"maxTurns":1,"message1":"","message2":"","message3":"","message4":"","minTurns":1,"motion":0,"name":"","note":"","overlay":0,"priority":50,"removeAtBattleEnd":false,"removeByDamage":false,"removeByRestriction":false,"removeByWalking":false,"restriction":0,"stepsToRemove":100},{"id":67,"autoRemovalTiming":0,"chanceByDamage":100,"traits":[],"iconIndex":0,"maxTurns":1,"message1":"","message2":"","message3":"","message4":"","minTurns":1,"motion":0,"name":"","note":"","overlay":0,"priority":50,"removeAtBattleEnd":false,"removeByDamage":false,"removeByRestriction":false,"removeByWalking":false,"restriction":0,"stepsToRemove":100},{"id":68,"autoRemovalTiming":0,"chanceByDamage":100,"traits":[],"iconIndex":0,"maxTurns":1,"message1":"","message2":"","message3":"","message4":"","minTurns":1,"motion":0,"name":"","note":"","overlay":0,"priority":50,"removeAtBattleEnd":false,"removeByDamage":false,"removeByRestriction":false,"removeByWalking":false,"restriction":0,"stepsToRemove":100},{"id":69,"autoRemovalTiming":0,"chanceByDamage":100,"traits":[],"iconIndex":0,"maxTurns":1,"message1":"","message2":"","message3":"","message4":"","minTurns":1,"motion":0,"name":"","note":"","overlay":0,"priority":50,"removeAtBattleEnd":false,"removeByDamage":false,"removeByRestriction":false,"removeByWalking":false,"restriction":0,"stepsToRemove":100},{"id":70,"autoRemovalTiming":0,"chanceByDamage":100,"traits":[],"iconIndex":0,"maxTurns":1,"message1":"","message2":"","message3":"","message4":"","minTurns":1,"motion":0,"name":"~State for Level~","note":"","overlay":0,"priority":50,"removeAtBattleEnd":false,"removeByDamage":false,"removeByRestriction":false,"removeByWalking":false,"restriction":0,"stepsToRemove":100},{"id":71,"autoRemovalTiming":0,"chanceByDamage":100,"traits":[{"code":21,"dataId":0,"value":1.1},{"code":21,"dataId":2,"value":1.05},{"code":21,"dataId":4,"value":1.05},{"code":21,"dataId":3,"value":1.05},{"code":21,"dataId":5,"value":1.05}],"iconIndex":0,"maxTurns":1,"message1":"","message2":"","message3":"","message4":"","minTurns":1,"motion":0,"name":"Level10","note":"","overlay":0,"priority":50,"removeAtBattleEnd":false,"removeByDamage":false,"removeByRestriction":false,"removeByWalking":false,"restriction":0,"stepsToRemove":100},{"id":72,"autoRemovalTiming":0,"chanceByDamage":100,"traits":[{"code":21,"dataId":0,"value":1.2},{"code":21,"dataId":2,"value":1.1},{"code":21,"dataId":4,"value":1.1},{"code":21,"dataId":3,"value":1.1},{"code":21,"dataId":5,"value":1.1}],"iconIndex":0,"maxTurns":1,"message1":"","message2":"","message3":"","message4":"","minTurns":1,"motion":0,"name":"Level20","note":"","overlay":0,"priority":50,"removeAtBattleEnd":false,"removeByDamage":false,"removeByRestriction":false,"removeByWalking":false,"restriction":0,"stepsToRemove":100},{"id":73,"autoRemovalTiming":0,"chanceByDamage":100,"traits":[{"code":21,"dataId":0,"value":1.3},{"code":21,"dataId":2,"value":1.15},{"code":21,"dataId":4,"value":1.15},{"code":21,"dataId":3,"value":1.15},{"code":21,"dataId":5,"value":1.15}],"iconIndex":0,"maxTurns":1,"message1":"","message2":"","message3":"","message4":"","minTurns":1,"motion":0,"name":"Level30","note":"","overlay":0,"priority":50,"removeAtBattleEnd":false,"removeByDamage":false,"removeByRestriction":false,"removeByWalking":false,"restriction":0,"stepsToRemove":100},{"id":74,"autoRemovalTiming":0,"chanceByDamage":100,"traits":[{"code":21,"dataId":0,"value":1.4},{"code":21,"dataId":2,"value":1.2},{"code":21,"dataId":4,"value":1.2},{"code":21,"dataId":3,"value":1.2},{"code":21,"dataId":5,"value":1.2}],"iconIndex":0,"maxTurns":1,"message1":"","message2":"","message3":"","message4":"","minTurns":1,"motion":0,"name":"Level40","note":"","overlay":0,"priority":50,"removeAtBattleEnd":false,"removeByDamage":false,"removeByRestriction":false,"removeByWalking":false,"restriction":0,"stepsToRemove":100},{"id":75,"autoRemovalTiming":0,"chanceByDamage":100,"traits":[{"code":21,"dataId":0,"value":1.5},{"code":21,"dataId":2,"value":1.25},{"code":21,"dataId":4,"value":1.25},{"code":21,"dataId":3,"value":1.25},{"code":21,"dataId":5,"value":1.25}],"iconIndex":0,"maxTurns":1,"message1":"","message2":"","message3":"","message4":"","minTurns":1,"motion":0,"name":"Level50","note":"","overlay":0,"priority":50,"removeAtBattleEnd":false,"removeByDamage":false,"removeByRestriction":false,"removeByWalking":false,"restriction":0,"stepsToRemove":100},{"id":76,"autoRemovalTiming":0,"chanceByDamage":100,"traits":[{"code":21,"dataId":0,"value":1.6},{"code":21,"dataId":2,"value":1.3},{"code":21,"dataId":4,"value":1.3},{"code":21,"dataId":3,"value":1.3},{"code":21,"dataId":5,"value":1.3}],"iconIndex":0,"maxTurns":1,"message1":"","message2":"","message3":"","message4":"","minTurns":1,"motion":0,"name":"Level60","note":"","overlay":0,"priority":50,"removeAtBattleEnd":false,"removeByDamage":false,"removeByRestriction":false,"removeByWalking":false,"restriction":0,"stepsToRemove":100},{"id":77,"autoRemovalTiming":0,"chanceByDamage":100,"traits":[{"code":21,"dataId":0,"value":1.7},{"code":21,"dataId":2,"value":1.35},{"code":21,"dataId":4,"value":1.35},{"code":21,"dataId":3,"value":1.35},{"code":21,"dataId":5,"value":1.35}],"iconIndex":0,"maxTurns":1,"message1":"","message2":"","message3":"","message4":"","minTurns":1,"motion":0,"name":"Level70","note":"","overlay":0,"priority":50,"removeAtBattleEnd":false,"removeByDamage":false,"removeByRestriction":false,"removeByWalking":false,"restriction":0,"stepsToRemove":100},{"id":78,"autoRemovalTiming":0,"chanceByDamage":100,"traits":[{"code":21,"dataId":0,"value":1.8},{"code":21,"dataId":2,"value":1.4},{"code":21,"dataId":4,"value":1.4},{"code":21,"dataId":3,"value":1.4},{"code":21,"dataId":5,"value":1.4}],"iconIndex":0,"maxTurns":1,"message1":"","message2":"","message3":"","message4":"","minTurns":1,"motion":0,"name":"Level80","note":"","overlay":0,"priority":50,"removeAtBattleEnd":false,"removeByDamage":false,"removeByRestriction":false,"removeByWalking":false,"restriction":0,"stepsToRemove":100},{"id":79,"autoRemovalTiming":0,"chanceByDamage":100,"traits":[{"code":21,"dataId":0,"value":1.9},{"code":21,"dataId":2,"value":1.45},{"code":21,"dataId":4,"value":1.45},{"code":21,"dataId":3,"value":1.45},{"code":21,"dataId":5,"value":1.45}],"iconIndex":0,"maxTurns":1,"message1":"","message2":"","message3":"","message4":"","minTurns":1,"motion":0,"name":"Level90","note":"","overlay":0,"priority":50,"removeAtBattleEnd":false,"removeByDamage":false,"removeByRestriction":false,"removeByWalking":false,"restriction":0,"stepsToRemove":100},{"id":80,"autoRemovalTiming":0,"chanceByDamage":100,"traits":[{"code":21,"dataId":0,"value":2},{"code":21,"dataId":2,"value":1.5},{"code":21,"dataId":4,"value":1.5},{"code":21,"dataId":3,"value":1.5},{"code":21,"dataId":5,"value":1.5}],"iconIndex":0,"maxTurns":1,"message1":"","message2":"","message3":"","message4":"","minTurns":1,"motion":0,"name":"Level99","note":"","overlay":0,"priority":50,"removeAtBattleEnd":false,"removeByDamage":false,"removeByRestriction":false,"removeByWalking":false,"restriction":0,"stepsToRemove":100},{"id":81,"autoRemovalTiming":0,"chanceByDamage":100,"traits":[],"iconIndex":0,"maxTurns":1,"message1":"","message2":"","message3":"","message4":"","minTurns":1,"motion":0,"name":"","note":"","overlay":0,"priority":50,"removeAtBattleEnd":false,"removeByDamage":false,"removeByRestriction":false,"removeByWalking":false,"restriction":0,"stepsToRemove":100},{"id":82,"autoRemovalTiming":0,"chanceByDamage":100,"traits":[],"iconIndex":0,"maxTurns":1,"message1":"","message2":"","message3":"","message4":"","minTurns":1,"motion":0,"name":"","note":"","overlay":0,"priority":50,"removeAtBattleEnd":false,"removeByDamage":false,"removeByRestriction":false,"removeByWalking":false,"restriction":0,"stepsToRemove":100},{"id":83,"autoRemovalTiming":0,"chanceByDamage":100,"traits":[],"iconIndex":0,"maxTurns":1,"message1":"","message2":"","message3":"","message4":"","minTurns":1,"motion":0,"name":"","note":"","overlay":0,"priority":50,"removeAtBattleEnd":false,"removeByDamage":false,"removeByRestriction":false,"removeByWalking":false,"restriction":0,"stepsToRemove":100},{"id":84,"autoRemovalTiming":0,"chanceByDamage":100,"traits":[],"iconIndex":0,"maxTurns":1,"message1":"","message2":"","message3":"","message4":"","minTurns":1,"motion":0,"name":"","note":"","overlay":0,"priority":50,"removeAtBattleEnd":false,"removeByDamage":false,"removeByRestriction":false,"removeByWalking":false,"restriction":0,"stepsToRemove":100},{"id":85,"autoRemovalTiming":0,"chanceByDamage":100,"traits":[],"iconIndex":0,"maxTurns":1,"message1":"","message2":"","message3":"","message4":"","minTurns":1,"motion":0,"name":"","note":"","overlay":0,"priority":50,"removeAtBattleEnd":false,"removeByDamage":false,"removeByRestriction":false,"removeByWalking":false,"restriction":0,"stepsToRemove":100},{"id":86,"autoRemovalTiming":0,"chanceByDamage":100,"traits":[],"iconIndex":0,"maxTurns":1,"message1":"","message2":"","message3":"","message4":"","minTurns":1,"motion":0,"name":"","note":"","overlay":0,"priority":50,"removeAtBattleEnd":false,"removeByDamage":false,"removeByRestriction":false,"removeByWalking":false,"restriction":0,"stepsToRemove":100},{"id":87,"autoRemovalTiming":0,"chanceByDamage":100,"traits":[],"iconIndex":0,"maxTurns":1,"message1":"","message2":"","message3":"","message4":"","minTurns":1,"motion":0,"name":"","note":"","overlay":0,"priority":50,"removeAtBattleEnd":false,"removeByDamage":false,"removeByRestriction":false,"removeByWalking":false,"restriction":0,"stepsToRemove":100},{"id":88,"autoRemovalTiming":0,"chanceByDamage":100,"traits":[],"iconIndex":0,"maxTurns":1,"message1":"","message2":"","message3":"","message4":"","minTurns":1,"motion":0,"name":"","note":"","overlay":0,"priority":50,"removeAtBattleEnd":false,"removeByDamage":false,"removeByRestriction":false,"removeByWalking":false,"restriction":0,"stepsToRemove":100},{"id":89,"autoRemovalTiming":0,"chanceByDamage":100,"traits":[],"iconIndex":0,"maxTurns":1,"message1":"","message2":"","message3":"","message4":"","minTurns":1,"motion":0,"name":"","note":"","overlay":0,"priority":50,"removeAtBattleEnd":false,"removeByDamage":false,"removeByRestriction":false,"removeByWalking":false,"restriction":0,"stepsToRemove":100},{"id":90,"autoRemovalTiming":0,"chanceByDamage":100,"traits":[],"iconIndex":0,"maxTurns":1,"message1":"","message2":"","message3":"","message4":"","minTurns":1,"motion":0,"name":"~ For Melbre ~","note":"","overlay":0,"priority":50,"removeAtBattleEnd":false,"removeByDamage":false,"removeByRestriction":false,"removeByWalking":false,"restriction":0,"stepsToRemove":100},{"id":91,"autoRemovalTiming":0,"chanceByDamage":100,"traits":[{"code":21,"dataId":0,"value":0.7},{"code":21,"dataId":3,"value":0.7},{"code":21,"dataId":5,"value":0.7}],"iconIndex":0,"maxTurns":1,"message1":"","message2":"","message3":"","message4":"","minTurns":1,"motion":0,"name":"1st Climax","note":"","overlay":0,"priority":50,"removeAtBattleEnd":true,"removeByDamage":false,"removeByRestriction":false,"removeByWalking":false,"restriction":0,"stepsToRemove":100},{"id":92,"autoRemovalTiming":0,"chanceByDamage":100,"traits":[{"code":21,"dataId":0,"value":0.5},{"code":21,"dataId":3,"value":0.5},{"code":21,"dataId":5,"value":0.5}],"iconIndex":0,"maxTurns":1,"message1":"","message2":"","message3":"","message4":"","minTurns":1,"motion":0,"name":"2nd Climax","note":"","overlay":0,"priority":50,"removeAtBattleEnd":true,"removeByDamage":false,"removeByRestriction":false,"removeByWalking":false,"restriction":0,"stepsToRemove":100},{"id":93,"autoRemovalTiming":0,"chanceByDamage":100,"traits":[{"code":21,"dataId":0,"value":0.3},{"code":21,"dataId":3,"value":0.3},{"code":21,"dataId":5,"value":0.3}],"iconIndex":0,"maxTurns":1,"message1":"","message2":"","message3":"","message4":"","minTurns":1,"motion":0,"name":"3rd Climax","note":"","overlay":0,"priority":50,"removeAtBattleEnd":true,"removeByDamage":false,"removeByRestriction":false,"removeByWalking":false,"restriction":0,"stepsToRemove":100},{"id":94,"autoRemovalTiming":0,"chanceByDamage":100,"traits":[],"iconIndex":0,"maxTurns":1,"message1":"","message2":"","message3":"","message4":"","minTurns":1,"motion":0,"name":"","note":"","overlay":0,"priority":50,"removeAtBattleEnd":false,"removeByDamage":false,"removeByRestriction":false,"removeByWalking":false,"restriction":0,"stepsToRemove":100},{"id":95,"autoRemovalTiming":0,"chanceByDamage":0,"traits":[{"code":21,"dataId":2,"value":0.5},{"code":21,"dataId":4,"value":0.5},{"code":21,"dataId":7,"value":0.8}],"iconIndex":12,"maxTurns":1,"message1":" has become erect...","message2":"","message3":"","message4":"","minTurns":1,"motion":0,"name":"Erect","note":"","overlay":0,"priority":50,"removeAtBattleEnd":false,"removeByDamage":false,"removeByRestriction":false,"removeByWalking":true,"restriction":0,"stepsToRemove":100},{"id":96,"autoRemovalTiming":0,"chanceByDamage":0,"traits":[{"code":23,"dataId":5,"value":0.5},{"code":21,"dataId":2,"value":0.5},{"code":21,"dataId":4,"value":0.5}],"iconIndex":13,"maxTurns":1,"message1":" is on the edge...","message2":"","message3":"","message4":"","minTurns":1,"motion":0,"name":"Edge","note":"","overlay":0,"priority":50,"removeAtBattleEnd":false,"removeByDamage":false,"removeByRestriction":false,"removeByWalking":false,"restriction":0,"stepsToRemove":100},{"id":97,"autoRemovalTiming":1,"chanceByDamage":100,"iconIndex":0,"maxTurns":1,"message1":" lost their balance!","message2":"","message3":"","message4":"","minTurns":1,"motion":1,"name":"Loss of Balance","note":"","overlay":0,"priority":65,"releaseByDamage":false,"removeAtBattleEnd":true,"removeByDamage":false,"removeByRestriction":false,"removeByWalking":false,"restriction":4,"stepsToRemove":100,"traits":[]},{"id":98,"autoRemovalTiming":0,"chanceByDamage":100,"traits":[],"iconIndex":0,"maxTurns":1,"message1":"","message2":"","message3":"","message4":"","minTurns":1,"motion":0,"name":"","note":"","overlay":0,"priority":50,"removeAtBattleEnd":false,"removeByDamage":false,"removeByRestriction":false,"removeByWalking":false,"restriction":0,"stepsToRemove":100},{"id":99,"autoRemovalTiming":0,"chanceByDamage":0,"traits":[{"code":21,"dataId":7,"value":0.8}],"iconIndex":84,"maxTurns":1,"message1":" has become erect...","message2":"","message3":"","message4":"","minTurns":1,"motion":0,"name":"For Estrus ARPG","note":"<shotWay:-1>","overlay":0,"priority":50,"removeAtBattleEnd":false,"removeByDamage":false,"removeByRestriction":false,"removeByWalking":true,"restriction":0,"stepsToRemove":100},{"id":100,"autoRemovalTiming":0,"chanceByDamage":100,"traits":[],"iconIndex":0,"maxTurns":1,"message1":"","message2":"","message3":"","message4":"","minTurns":1,"motion":0,"name":"","note":"","overlay":0,"priority":50,"removeAtBattleEnd":false,"removeByDamage":false,"removeByRestriction":false,"removeByWalking":false,"restriction":0,"stepsToRemove":100},{"id":101,"autoRemovalTiming":0,"chanceByDamage":100,"traits":[{"code":44,"dataId":1,"value":1},{"code":43,"dataId":1101,"value":1},{"code":43,"dataId":1102,"value":1},{"code":43,"dataId":1103,"value":1},{"code":43,"dataId":1115,"value":1},{"code":43,"dataId":1105,"value":1},{"code":43,"dataId":1109,"value":1},{"code":43,"dataId":1110,"value":1},{"code":43,"dataId":1116,"value":1}],"iconIndex":0,"maxTurns":1,"message1":"","message2":"","message3":"","message4":"","minTurns":1,"motion":0,"name":"Minimum","note":"","overlay":0,"priority":50,"removeAtBattleEnd":true,"removeByDamage":false,"removeByRestriction":false,"removeByWalking":false,"restriction":0,"stepsToRemove":100},{"id":102,"autoRemovalTiming":0,"chanceByDamage":100,"traits":[],"iconIndex":0,"maxTurns":1,"message1":"","message2":"","message3":"","message4":"","minTurns":1,"motion":0,"name":"","note":"","overlay":0,"priority":50,"removeAtBattleEnd":false,"removeByDamage":false,"removeByRestriction":false,"removeByWalking":false,"restriction":0,"stepsToRemove":100},{"id":103,"autoRemovalTiming":0,"chanceByDamage":100,"traits":[],"iconIndex":0,"maxTurns":1,"message1":"","message2":"","message3":"","message4":"","minTurns":1,"motion":0,"name":"","note":"","overlay":0,"priority":50,"removeAtBattleEnd":false,"removeByDamage":false,"removeByRestriction":false,"removeByWalking":false,"restriction":0,"stepsToRemove":100},{"id":104,"autoRemovalTiming":0,"chanceByDamage":100,"traits":[],"iconIndex":0,"maxTurns":1,"message1":"","message2":"","message3":"","message4":"","minTurns":1,"motion":0,"name":"","note":"","overlay":0,"priority":50,"removeAtBattleEnd":false,"removeByDamage":false,"removeByRestriction":false,"removeByWalking":false,"restriction":0,"stepsToRemove":100},{"id":105,"autoRemovalTiming":0,"chanceByDamage":100,"traits":[],"iconIndex":0,"maxTurns":1,"message1":"","message2":"","message3":"","message4":"","minTurns":1,"motion":0,"name":"","note":"","overlay":0,"priority":50,"removeAtBattleEnd":false,"removeByDamage":false,"removeByRestriction":false,"removeByWalking":false,"restriction":0,"stepsToRemove":100},{"id":106,"autoRemovalTiming":0,"chanceByDamage":100,"traits":[],"iconIndex":0,"maxTurns":1,"message1":"","message2":"","message3":"","message4":"","minTurns":1,"motion":0,"name":"","note":"","overlay":0,"priority":50,"removeAtBattleEnd":false,"removeByDamage":false,"removeByRestriction":false,"removeByWalking":false,"restriction":0,"stepsToRemove":100},{"id":107,"autoRemovalTiming":0,"chanceByDamage":100,"traits":[],"iconIndex":0,"maxTurns":1,"message1":"","message2":"","message3":"","message4":"","minTurns":1,"motion":0,"name":"","note":"","overlay":0,"priority":50,"removeAtBattleEnd":false,"removeByDamage":false,"removeByRestriction":false,"removeByWalking":false,"restriction":0,"stepsToRemove":100},{"id":108,"autoRemovalTiming":0,"chanceByDamage":100,"traits":[],"iconIndex":0,"maxTurns":1,"message1":"","message2":"","message3":"","message4":"","minTurns":1,"motion":0,"name":"","note":"","overlay":0,"priority":50,"removeAtBattleEnd":false,"removeByDamage":false,"removeByRestriction":false,"removeByWalking":false,"restriction":0,"stepsToRemove":100},{"id":109,"autoRemovalTiming":0,"chanceByDamage":100,"traits":[],"iconIndex":0,"maxTurns":1,"message1":"","message2":"","message3":"","message4":"","minTurns":1,"motion":0,"name":"","note":"","overlay":0,"priority":50,"removeAtBattleEnd":false,"removeByDamage":false,"removeByRestriction":false,"removeByWalking":false,"restriction":0,"stepsToRemove":100},{"id":110,"autoRemovalTiming":0,"chanceByDamage":100,"traits":[],"iconIndex":0,"maxTurns":1,"message1":"","message2":"","message3":"","message4":"","minTurns":1,"motion":0,"name":"","note":"","overlay":0,"priority":50,"removeAtBattleEnd":false,"removeByDamage":false,"removeByRestriction":false,"removeByWalking":false,"restriction":0,"stepsToRemove":100},{"id":111,"autoRemovalTiming":0,"chanceByDamage":100,"traits":[],"iconIndex":0,"maxTurns":1,"message1":"","message2":"","message3":"","message4":"","minTurns":1,"motion":0,"name":"","note":"","overlay":0,"priority":50,"removeAtBattleEnd":false,"removeByDamage":false,"removeByRestriction":false,"removeByWalking":false,"restriction":0,"stepsToRemove":100},{"id":112,"autoRemovalTiming":0,"chanceByDamage":100,"traits":[],"iconIndex":0,"maxTurns":1,"message1":"","message2":"","message3":"","message4":"","minTurns":1,"motion":0,"name":"","note":"","overlay":0,"priority":50,"removeAtBattleEnd":false,"removeByDamage":false,"removeByRestriction":false,"removeByWalking":false,"restriction":0,"stepsToRemove":100},{"id":113,"autoRemovalTiming":0,"chanceByDamage":100,"traits":[],"iconIndex":0,"maxTurns":1,"message1":"","message2":"","message3":"","message4":"","minTurns":1,"motion":0,"name":"","note":"","overlay":0,"priority":50,"removeAtBattleEnd":false,"removeByDamage":false,"removeByRestriction":false,"removeByWalking":false,"restriction":0,"stepsToRemove":100},{"id":114,"autoRemovalTiming":0,"chanceByDamage":100,"traits":[],"iconIndex":0,"maxTurns":1,"message1":"","message2":"","message3":"","message4":"","minTurns":1,"motion":0,"name":"","note":"","overlay":0,"priority":50,"removeAtBattleEnd":false,"removeByDamage":false,"removeByRestriction":false,"removeByWalking":false,"restriction":0,"stepsToRemove":100},{"id":115,"autoRemovalTiming":0,"chanceByDamage":100,"traits":[],"iconIndex":0,"maxTurns":1,"message1":"","message2":"","message3":"","message4":"","minTurns":1,"motion":0,"name":"","note":"","overlay":0,"priority":50,"removeAtBattleEnd":false,"removeByDamage":false,"removeByRestriction":false,"removeByWalking":false,"restriction":0,"stepsToRemove":100},{"id":116,"autoRemovalTiming":0,"chanceByDamage":100,"traits":[],"iconIndex":0,"maxTurns":1,"message1":"","message2":"","message3":"","message4":"","minTurns":1,"motion":0,"name":"","note":"","overlay":0,"priority":50,"removeAtBattleEnd":false,"removeByDamage":false,"removeByRestriction":false,"removeByWalking":false,"restriction":0,"stepsToRemove":100},{"id":117,"autoRemovalTiming":0,"chanceByDamage":100,"traits":[],"iconIndex":0,"maxTurns":1,"message1":"","message2":"","message3":"","message4":"","minTurns":1,"motion":0,"name":"","note":"","overlay":0,"priority":50,"removeAtBattleEnd":false,"removeByDamage":false,"removeByRestriction":false,"removeByWalking":false,"restriction":0,"stepsToRemove":100},{"id":118,"autoRemovalTiming":0,"chanceByDamage":100,"traits":[],"iconIndex":0,"maxTurns":1,"message1":"","message2":"","message3":"","message4":"","minTurns":1,"motion":0,"name":"","note":"","overlay":0,"priority":50,"removeAtBattleEnd":false,"removeByDamage":false,"removeByRestriction":false,"removeByWalking":false,"restriction":0,"stepsToRemove":100},{"id":119,"autoRemovalTiming":0,"chanceByDamage":100,"traits":[],"iconIndex":0,"maxTurns":1,"message1":"","message2":"","message3":"","message4":"","minTurns":1,"motion":0,"name":"","note":"","overlay":0,"priority":50,"removeAtBattleEnd":false,"removeByDamage":false,"removeByRestriction":false,"removeByWalking":false,"restriction":0,"stepsToRemove":100},{"id":120,"autoRemovalTiming":0,"chanceByDamage":100,"traits":[],"iconIndex":0,"maxTurns":1,"message1":"","message2":"","message3":"","message4":"","minTurns":1,"motion":0,"name":"","note":"","overlay":0,"priority":50,"removeAtBattleEnd":false,"removeByDamage":false,"removeByRestriction":false,"removeByWalking":false,"restriction":0,"stepsToRemove":100}]