﻿[null,{"id":1,"animationId":6,"description":"A large sword with the power of a dragon\nSlashing 3 directions short gap 45 penetration","etypeId":1,"traits":[{"code":31,"dataId":31,"value":0},{"code":22,"dataId":0,"value":0.05}],"iconIndex":97,"name":"Dragon sword","note":"<shotWay:3>\n<shotSpace:0.3>\n<shotCount:20>\n<shotSpeed:0.2>\n<shotInterval:45>\n<shotType:4>\n<shotIndex:35>\n<shotSkill:801>\n<shotSeName:Sword4>\n<shotSeVolume:70>\n<shotSePitch:150>","params":[0,0,100,0,50,0,0,30],"price":0,"wtypeId":1},{"id":2,"animationId":1,"description":"A dish that is cracked and unusable\nBlow 2-way length gap 40","etypeId":1,"traits":[{"code":31,"dataId":1,"value":0},{"code":22,"dataId":0,"value":0.05}],"iconIndex":196,"name":"Plate frisbee","note":"<shotWay:2>\n<shotSpace:0.3>\n<shotCount:30>\n<shotSpeed:0.3>\n<shotInterval:40>\n<shotType:4>\n<shotIndex:17>\n<shotSkill:807>\n<shotSeName:Sword5>\n<shotSeVolume:70>\n<shotSePitch:150>","params":[0,0,0,0,0,0,0,3],"price":500,"wtypeId":6},{"id":3,"animationId":1,"description":"It hurts when hit\nBlow 1 direction long gap 40","etypeId":1,"traits":[{"code":31,"dataId":1,"value":0},{"code":22,"dataId":0,"value":0.05}],"iconIndex":265,"name":"Apple","note":"<shotWay:1>\n<shotSpace:0.3>\n<shotCount:40>\n<shotSpeed:0.2>\n<shotInterval:40>\n<shotType:3>\n<shotIndex:34>\n<shotSkill:799>\n<shotSeName:Wind7>","params":[0,0,0,0,0,0,0,5],"price":500,"wtypeId":5},{"id":4,"animationId":1,"description":"A drug that seems to be harmful to the body made by failing alchemy\nWater 1 direction long gap 35","etypeId":1,"traits":[{"code":31,"dataId":1,"value":0},{"code":22,"dataId":0,"value":0.05}],"iconIndex":176,"name":"Failure work","note":"<shotWay:1>\n<shotSpace:0.3>\n<shotCount:40>\n<shotSpeed:0.2>\n<shotInterval:35>\n<shotType:3>\n<shotIndex:25>\n<shotSkill:804>\n<shotSeName:Wind7>","params":[0,0,0,0,0,0,0,5],"price":500,"wtypeId":3},{"id":5,"animationId":1,"description":"The sword used by his late father is well maintained\nSlashing 2-way short gap 40 penetration","etypeId":1,"traits":[{"code":31,"dataId":1,"value":0},{"code":22,"dataId":0,"value":0.05}],"iconIndex":97,"name":"Haril's sword","note":"<shotWay:2>\n<shotSpace:0.1>\n<shotCount:15>\n<shotSpeed:0.25>\n<shotInterval:40>\n<shotType:4>\n<shotIndex:34>\n<shotSkill:817>\n<shotSeName:Sword4>\n<shotSeVolume:70>\n<shotSePitch:150>","params":[0,0,0,0,0,0,0,5],"price":0,"wtypeId":1},{"id":6,"animationId":1,"description":"Throw Kumari\nHitting 1 direction long gap 120","etypeId":1,"traits":[{"code":31,"dataId":1,"value":0},{"code":22,"dataId":0,"value":0.05}],"iconIndex":149,"name":"Bear throw","note":"<shotWay:1>\n<shotSpace:0.3>\n<shotCount:60>\n<shotSpeed:0.15>\n<shotInterval:120>\n<shotType:4>\n<shotIndex:22>\n<shotSkill:803>\n<shotSeName:Wind7>","params":[0,0,0,0,0,0,0,4],"price":500,"wtypeId":8},{"id":7,"animationId":1,"description":"Disperse test tubes filled with poison\nWater 5 directions long gap 60","etypeId":1,"traits":[{"code":31,"dataId":1,"value":0},{"code":22,"dataId":0,"value":0.05}],"iconIndex":176,"name":"Test tube","note":"<shotWay:5>\n<shotSpace:0.3>\n<shotCount:40>\n<shotSpeed:0.2>\n<shotInterval:40>\n<shotType:3>\n<shotIndex:29>\n<shotSkill:804>","params":[0,0,0,0,0,0,0,3],"price":500,"wtypeId":2},{"id":8,"animationId":1,"description":"Scatter the fan while dancing\nTemptation 9 directions long gap 100","etypeId":1,"traits":[{"code":31,"dataId":1,"value":0},{"code":22,"dataId":0,"value":0.05}],"iconIndex":84,"name":"Dancer fan","note":"<shotWay:9>\n<shotSpace:0.7>\n<shotCount:40>\n<shotSpeed:0.1>\n<shotInterval:100>\n<shotType:3>\n<shotIndex:39>\n<shotSkill:806>","params":[0,0,0,0,0,0,0,3],"price":500,"wtypeId":2},{"id":9,"animationId":1,"description":"Excite the enemy with a throwing kiss\nTemptation 2 directions gap 30","etypeId":1,"traits":[{"code":31,"dataId":1,"value":0},{"code":22,"dataId":0,"value":0.05}],"iconIndex":84,"name":"Scarlet trip","note":"<shotWay:2>\n<shotSpace:0.5>\n<shotCount:40>\n<shotSpeed:0.1>\n<shotInterval:30>\n<shotType:3>\n<shotIndex:40>\n<shotSkill:806>\n<shotSeName:lip00>","params":[0,0,0,0,0,0,0,3],"price":500,"wtypeId":2},{"id":10,"animationId":0,"description":"","etypeId":1,"traits":[{"code":31,"dataId":1,"value":0},{"code":22,"dataId":0,"value":0}],"iconIndex":0,"name":"~ Slashing weapons ~","note":"","params":[0,0,0,0,0,0,0,0],"price":0,"wtypeId":0},{"id":11,"animationId":1,"description":"A sword as light as a feather\nSlashing 3 directions long gap 30","etypeId":1,"traits":[{"code":31,"dataId":1,"value":0}],"iconIndex":97,"name":"Feather sword","note":"<shotWay:3>\n<shotSpace:0.5>\n<shotCount:30>\n<shotSpeed:0.3>\n<shotInterval:45>\n<shotType:4>\n<shotIndex:36>\n<shotSkill:811>\n<shotSeName:Sword4>","params":[0,0,0,0,0,0,0,5],"price":500,"wtypeId":1},{"id":12,"animationId":1,"description":"Cheap mass-produced products made in Santolina\nSlashing 3 directions short gap 45 penetration","etypeId":1,"traits":[{"code":31,"dataId":1,"value":0},{"code":22,"dataId":0,"value":0.05}],"iconIndex":97,"name":"Iron sword","note":"<shotWay:3>\n<shotSpace:0.4>\n<shotCount:20>\n<shotSpeed:0.2>\n<shotInterval:45>\n<shotType:4>\n<shotIndex:35>\n<shotSkill:801>\n<shotSeName:Sword4>\n<shotSeVolume:70>\n<shotSePitch:150>","params":[0,0,0,0,0,0,0,3],"price":1200,"wtypeId":1},{"id":13,"animationId":1,"description":"A knife used to cut fruit.\nSlashing. 30% crit chance.","etypeId":1,"traits":[{"code":31,"dataId":1,"value":0},{"code":22,"dataId":0,"value":0.05}],"iconIndex":96,"name":"Fruit Knife","note":"<shotWay:1>\n<shotSpace:0.3>\n<shotCount:20>\n<shotSpeed:0.5>\n<shotInterval:30>\n<shotType:3>\n<shotIndex:0>\n<shotSkill:802>\n<shotSeName:Sword5>\n<shotSeVolume:70>\n<shotSePitch:150>","params":[0,0,0,0,0,0,0,5],"price":500,"wtypeId":2},{"id":14,"animationId":1,"description":"A bomb that explodes when an enemy steps on it\nFlame installation gap 50","etypeId":1,"traits":[{"code":31,"dataId":1,"value":0},{"code":22,"dataId":0,"value":0.05}],"iconIndex":218,"name":"Stationary bomb","note":"<shotWay:1>\n<shotSpace:0.5>\n<shotCount:200>\n<shotSpeed:0.0>\n<shotInterval:50>\n<shotType:3>\n<shotIndex:36>\n<shotSkill:808>\n<shotSeName:key>","params":[0,0,0,0,0,0,0,5],"price":500,"wtypeId":2},{"id":15,"animationId":1,"description":"Piano is a percussion instrument\nBlow 1 direction short gap 200","etypeId":1,"traits":[{"code":31,"dataId":1,"value":0},{"code":22,"dataId":0,"value":0.05}],"iconIndex":200,"name":"piano","note":"<shotWay:1>\n<shotSpace:0.15>\n<shotCount:60>\n<shotSpeed:0.10>\n<shotInterval:200>\n<shotType:5>\n<shotIndex:17>\n<shotSkill:809>\n<shotSeName:chest1>","params":[0,0,0,0,0,0,0,100],"price":10000,"wtypeId":2},{"id":16,"animationId":1,"description":"Don't throw properly\nSlashing 1-way long gap 60 penetration","etypeId":1,"traits":[{"code":31,"dataId":1,"value":0}],"iconIndex":97,"name":"Javelin","note":"<shotWay:1>\n<shotSpace:0.3>\n<shotCount:30>\n<shotSpeed:0.25>\n<shotInterval:60>\n<shotType:4>\n<shotIndex:6>\n<shotSkill:813>\n<shotSeName:Sword5>\n<shotSeVolume:70>\n<shotSePitch:50>","params":[0,0,0,0,0,0,0,10],"price":1000,"wtypeId":1},{"id":17,"animationId":1,"description":"Satellite laser!\nFlame 1-way long gap 60","etypeId":1,"traits":[{"code":31,"dataId":1,"value":0}],"iconIndex":97,"name":"Spear of light","note":"<shotWay:1>\n<shotSpace:0.3>\n<shotCount:20>\n<shotSpeed:0.4>\n<shotInterval:45>\n<shotType:5>\n<shotIndex:7>\n<shotSkill:812>\n<shotSeName:Sword5>\n<shotSeVolume:70>\n<shotSePitch:50>","params":[0,0,0,0,0,0,0,10],"price":500,"wtypeId":1},{"id":18,"animationId":1,"description":"A drug that temporarily increases the number of fingers by a few\nIf you hit an ally, the number of balls will increase temporarily","etypeId":1,"traits":[{"code":31,"dataId":1,"value":0},{"code":22,"dataId":0,"value":10}],"iconIndex":176,"name":"Ubifueru","note":"<shotWay:1>\n<shotSpace:0.3>\n<shotCount:100>\n<shotSpeed:0.2>\n<shotInterval:40>\n<shotType:3>\n<shotIndex:34>\n<shotSkill:815>","params":[0,0,0,0,0,0,0,3],"price":500,"wtypeId":8},{"id":19,"animationId":1,"description":"Kumari becomes huge and chops the enemy\nSlashing 1 direction short gap 200","etypeId":1,"traits":[{"code":31,"dataId":1,"value":0},{"code":22,"dataId":0,"value":0.05}],"iconIndex":149,"name":"Big Kumari","note":"<shotWay:1>\n<shotSpace:0.2>\n<shotCount:30>\n<shotSpeed:0.1>\n<shotInterval:200>\n<shotType:5>\n<shotIndex:23>\n<shotSkill:805>\n<shotSeName:Monster6>","params":[0,0,0,0,0,0,0,30],"price":500,"wtypeId":8},{"id":20,"animationId":1,"description":"A super-beginner spellbook that allows you to use the magic of Petit Fire\nFlame 2-way short gap 45","etypeId":1,"traits":[{"code":31,"dataId":1,"value":0},{"code":22,"dataId":0,"value":0.05}],"iconIndex":64,"name":"Fire spellbook death","note":"<shotWay:2>\n<shotSpace:0.3>\n<shotCount:20>\n<shotSpeed:0.2>\n<shotInterval:45>\n<shotType:4>\n<shotIndex:39>\n<shotSkill:818>\n<shotSeName:Fire1>\n<shotSeVolume:70>\n<shotSePitch:150>","params":[0,0,0,0,0,0,0,3],"price":500,"wtypeId":7},{"id":21,"animationId":1,"description":"A beginner's spellbook that allows you to use Thunder's magic\nLightning 1-way long gap 45 penetration","etypeId":1,"traits":[{"code":31,"dataId":1,"value":0},{"code":22,"dataId":0,"value":0.05}],"iconIndex":66,"name":"Thunder spellbook death","note":"<shotWay:1>\n<shotSpace:0.3>\n<shotCount:40>\n<shotSpeed:0.5>\n<shotInterval:45>\n<shotType:4>\n<shotIndex:35>\n<shotSkill:819>\n<shotSeName:Thunder3>\n<shotSeVolume:70>\n<shotSePitch:150>","params":[0,0,0,0,0,0,0,8],"price":1500,"wtypeId":7},{"id":22,"animationId":1,"description":"A beginner's spellbook that allows you to use the magic of splash\nWater 5 directions short gap 45","etypeId":1,"traits":[{"code":31,"dataId":1,"value":0},{"code":22,"dataId":0,"value":0.05}],"iconIndex":67,"name":"Water spellbook death","note":"<shotWay:5>\n<shotSpace:0.6>\n<shotCount:20>\n<shotSpeed:0.2>\n<shotInterval:45>\n<shotType:4>\n<shotIndex:38>\n<shotSkill:820>\n<shotSeName:Water1>\n<shotSeVolume:70>\n<shotSePitch:150>","params":[0,0,0,0,0,0,0,4],"price":2500,"wtypeId":7},{"id":23,"animationId":1,"description":"A book that mathematically solves the reason of nature\nWater 8 directions short gap 40","etypeId":1,"traits":[{"code":31,"dataId":1,"value":0},{"code":22,"dataId":0,"value":0.05}],"iconIndex":67,"name":"Principia","note":"<shotWay:8>\n<shotSpace:0.7>\n<shotCount:20>\n<shotSpeed:0.2>\n<shotInterval:40>\n<shotType:4>\n<shotIndex:38>\n<shotSkill:820>\n<shotSeName:Water1>\n<shotSeVolume:70>\n<shotSePitch:150>","params":[0,0,0,0,0,0,0,25],"price":2500,"wtypeId":7},{"id":24,"animationId":1,"description":"A beginner's spellbook that allows you to use the magic of fire\nFlame 3 direction short gap 45","etypeId":1,"traits":[{"code":31,"dataId":1,"value":0},{"code":22,"dataId":0,"value":0.05}],"iconIndex":64,"name":"The magical book of fire","note":"<shotWay:3>\n<shotSpace:0.3>\n<shotCount:20>\n<shotSpeed:0.2>\n<shotInterval:45>\n<shotType:4>\n<shotIndex:39>\n<shotSkill:818>\n<shotSeName:Fire1>\n<shotSeVolume:70>\n<shotSePitch:150>","params":[0,0,0,0,0,0,0,4],"price":500,"wtypeId":7},{"id":25,"animationId":1,"description":"Knife scattered in 4 directions\nSlashing 4 directions gap 40","etypeId":1,"traits":[{"code":31,"dataId":1,"value":0},{"code":22,"dataId":0,"value":0.05}],"iconIndex":96,"name":"Shooting knife","note":"<shotWay:4>\n<shotSpace:0.5>\n<shotCount:15>\n<shotSpeed:0.5>\n<shotInterval:40>\n<shotType:3>\n<shotIndex:0>\n<shotSkill:802>\n<shotSeName:Sword5>\n<shotSeVolume:70>\n<shotSePitch:150>","params":[0,0,0,0,0,0,0,2],"price":1000,"wtypeId":2},{"id":26,"animationId":1,"description":"However, the magic comes out of the butt\nSlashing one-way short, rear gap 45","etypeId":1,"traits":[{"code":31,"dataId":1,"value":0},{"code":22,"dataId":0,"value":0.05}],"iconIndex":71,"name":"Dark magic darkness edge","note":"<shotWay:1>\n<shotSpace:0.3>\n<shotCount:20>\n<shotSpeed:-0.2>\n<shotInterval:45>\n<shotType:5>\n<shotIndex:35>\n<shotSkill:821>\n<shotSeName:Darkness3>\n<shotSeVolume:70>\n<shotSePitch:150>","params":[0,0,0,0,0,0,0,30],"price":10000,"wtypeId":7},{"id":27,"animationId":1,"description":"Easy to hold but heavy ax\nSlashing 1-way short gap 60","etypeId":1,"traits":[{"code":31,"dataId":1,"value":0}],"iconIndex":99,"name":"Hand ax","note":"<shotWay:1>\n<shotSpace:0.3>\n<shotCount:20>\n<shotSpeed:0.20>\n<shotInterval:60>\n<shotType:3>\n<shotIndex:2>\n<shotSkill:822>\n<shotSeName:Sword5>\n<shotSeVolume:70>\n<shotSePitch:50>","params":[0,0,0,0,0,0,0,13],"price":1000,"wtypeId":1},{"id":28,"animationId":1,"description":"Ax for battle preferred by muscular warriors\nSlashing 1-way short gap 60","etypeId":1,"traits":[{"code":31,"dataId":1,"value":0}],"iconIndex":99,"name":"Battle ax","note":"<shotWay:1>\n<shotSpace:0.3>\n<shotCount:20>\n<shotSpeed:0.20>\n<shotInterval:60>\n<shotType:3>\n<shotIndex:10>\n<shotSkill:822>\n<shotSeName:Sword5>\n<shotSeVolume:70>\n<shotSePitch:50>","params":[0,0,0,0,0,0,0,28],"price":3000,"wtypeId":1},{"id":29,"animationId":1,"description":"I will lift it so I can do my best\nSlashing 1-way short gap 90","etypeId":1,"traits":[{"code":31,"dataId":1,"value":0}],"iconIndex":99,"name":"Heavy ax","note":"<shotWay:1>\n<shotSpace:0.3>\n<shotCount:20>\n<shotSpeed:0.20>\n<shotInterval:90>\n<shotType:4>\n<shotIndex:11>\n<shotSkill:823>\n<shotSeName:Sword5>\n<shotSeVolume:70>\n<shotSePitch:50>","params":[0,0,0,0,0,0,0,50],"price":6000,"wtypeId":1},{"id":30,"animationId":1,"description":"Heavy and numbing ax\nLightning 1-way short gap 90 penetration","etypeId":1,"traits":[{"code":31,"dataId":1,"value":0}],"iconIndex":99,"name":"Lightning ax","note":"<shotWay:1>\n<shotSpace:0.3>\n<shotCount:20>\n<shotSpeed:0.20>\n<shotInterval:90>\n<shotType:4>\n<shotIndex:13>\n<shotSkill:824>\n<shotSeName:Sword5>\n<shotSeVolume:70>\n<shotSePitch:50>","params":[0,0,0,0,0,0,0,70],"price":7000,"wtypeId":1},{"id":31,"animationId":1,"description":"An ax for giants larger than a person's height\nSlashing 1-way short gap 120","etypeId":1,"traits":[{"code":31,"dataId":1,"value":0}],"iconIndex":99,"name":"Giant ax","note":"<shotWay:1>\n<shotSpace:0.3>\n<shotCount:20>\n<shotSpeed:0.20>\n<shotInterval:120>\n<shotType:5>\n<shotIndex:11>\n<shotSkill:822>\n<shotSeName:Sword5>\n<shotSeVolume:70>\n<shotSePitch:50>","params":[0,0,0,0,0,0,0,100],"price":15000,"wtypeId":1},{"id":32,"animationId":1,"description":"An ax that has halved many sins\nSlashing 1-way short gap 180","etypeId":1,"traits":[{"code":31,"dataId":1,"value":0}],"iconIndex":99,"name":"Referee's ax","note":"<shotWay:1>\n<shotSpace:0.3>\n<shotCount:20>\n<shotSpeed:0.20>\n<shotInterval:180>\n<shotType:5>\n<shotIndex:13>\n<shotSkill:823>\n<shotSeName:Sword5>\n<shotSeVolume:70>\n<shotSePitch:50>","params":[0,0,0,0,0,0,0,200],"price":0,"wtypeId":1},{"id":33,"animationId":1,"description":"Projectiles used by Shinobi no Mono\nSlashing 3 directions long gap 20","etypeId":1,"traits":[{"code":31,"dataId":1,"value":0},{"code":22,"dataId":0,"value":0}],"iconIndex":71,"name":"Shuriken","note":"<shotWay:3>\n<shotSpace:0.3>\n<shotCount:20>\n<shotSpeed:0.5>\n<shotInterval:20>\n<shotType:3>\n<shotIndex:14>\n<shotSkill:802>\n<shotSeName:Sword5>\n<shotSeVolume:70>\n<shotSePitch:150>","params":[0,0,0,0,0,0,0,-3],"price":2000,"wtypeId":2},{"id":34,"animationId":1,"description":"A sword that has become too short due to a design mistake\nSlashing 1 direction long gap 30","etypeId":1,"traits":[{"code":31,"dataId":1,"value":0},{"code":22,"dataId":0,"value":0.05}],"iconIndex":96,"name":"dagger","note":"<shotWay:1>\n<shotSpace:0.3>\n<shotCount:20>\n<shotSpeed:0.5>\n<shotInterval:30>\n<shotType:3>\n<shotIndex:9>\n<shotSkill:802>\n<shotSeName:Sword5>\n<shotSeVolume:70>\n<shotSePitch:150>","params":[0,0,0,0,0,0,0,7],"price":1000,"wtypeId":2},{"id":35,"animationId":1,"description":"A small spear that is easy to throw\nSlashing 2 directions long gap 40 penetration","etypeId":1,"traits":[{"code":31,"dataId":1,"value":0},{"code":22,"dataId":0,"value":0.05}],"iconIndex":107,"name":"Bee Spear","note":"<shotWay:2>\n<shotSpace:0.3>\n<shotCount:20>\n<shotSpeed:0.4>\n<shotInterval:40>\n<shotType:3>\n<shotIndex:8>\n<shotSkill:813>\n<shotSeName:Sword5>\n<shotSeVolume:70>\n<shotSePitch:150>","params":[0,0,0,0,0,0,0,4],"price":1300,"wtypeId":2},{"id":36,"animationId":1,"description":"Throwing with a bifurcated tip\nSlashing 1-way length gap 45","etypeId":1,"traits":[{"code":31,"dataId":1,"value":0},{"code":22,"dataId":0,"value":0.05}],"iconIndex":107,"name":"fork","note":"<shotWay:1>\n<shotSpace:0.3>\n<shotCount:25>\n<shotSpeed:0.4>\n<shotInterval:45>\n<shotType:3>\n<shotIndex:12>\n<shotSkill:802>\n<shotSeName:Sword5>\n<shotSeVolume:70>\n<shotSePitch:150>","params":[0,0,0,0,0,0,0,12],"price":2000,"wtypeId":2},{"id":37,"animationId":1,"description":"When I bought one, two of the same ones came with me\nSlashing 1 direction long gap 30","etypeId":1,"traits":[{"code":31,"dataId":1,"value":0},{"code":22,"dataId":0,"value":0.05}],"iconIndex":96,"name":"Mail order knife","note":"<shotWay:1>\n<shotSpace:0.3>\n<shotCount:20>\n<shotSpeed:0.5>\n<shotInterval:30>\n<shotType:4>\n<shotIndex:9>\n<shotSkill:810>\n<shotSeName:Sword5>\n<shotSeVolume:70>\n<shotSePitch:150>","params":[0,0,0,0,0,0,0,17],"price":3000,"wtypeId":2},{"id":38,"animationId":1,"description":"A sword that surely stops the opponent with a set of three\nSlashing 1 direction long gap 30","etypeId":1,"traits":[{"code":31,"dataId":1,"value":0},{"code":22,"dataId":0,"value":0.05}],"iconIndex":96,"name":"Tri-edge","note":"<shotWay:1>\n<shotSpace:0.3>\n<shotCount:20>\n<shotSpeed:0.4>\n<shotInterval:30>\n<shotType:4>\n<shotIndex:15>\n<shotSkill:810>\n<shotSeName:Sword3>\n<shotSeVolume:70>\n<shotSePitch:150>","params":[0,0,0,0,0,0,0,25],"price":4000,"wtypeId":1},{"id":39,"animationId":1,"description":"A sword that increases to three when thrown\nSlashing 1 direction long gap 30","etypeId":1,"traits":[{"code":31,"dataId":1,"value":0},{"code":22,"dataId":0,"value":0.05}],"iconIndex":97,"name":"Meteor sword","note":"<shotWay:1>\n<shotSpace:0.3>\n<shotCount:20>\n<shotSpeed:0.4>\n<shotInterval:30>\n<shotType:5>\n<shotIndex:9>\n<shotSkill:810>\n<shotSeName:Sword4>\n<shotSeVolume:70>\n<shotSePitch:150>","params":[0,0,0,0,0,0,0,45],"price":6000,"wtypeId":2},{"id":40,"animationId":1,"description":"An infinite sword pours down from the imaginary space\nSlashing 7-direction long gap 45","etypeId":1,"traits":[{"code":31,"dataId":1,"value":0},{"code":22,"dataId":0,"value":0.05}],"iconIndex":112,"name":"Infinity Edge","note":"<shotWay:7>\n<shotSpace:0.7>\n<shotCount:20>\n<shotSpeed:0.3>\n<shotInterval:30>\n<shotType:5>\n<shotIndex:15>\n<shotSkill:821>\n<shotSeName:Sword4>\n<shotSeVolume:70>\n<shotSePitch:150>","params":[0,0,0,0,0,0,0,55],"price":20000,"wtypeId":1},{"id":41,"animationId":1,"description":"A romance that does not consider the inconvenience after flying\nBlow 1 direction long gap 80","etypeId":1,"traits":[{"code":31,"dataId":1,"value":0},{"code":22,"dataId":0,"value":0.05}],"iconIndex":106,"name":"Rocket punch","note":"<shotWay:1>\n<shotSpace:0.3>\n<shotCount:60>\n<shotSpeed:0.15>\n<shotInterval:80>\n<shotType:3>\n<shotIndex:3>\n<shotSkill:803>\n<shotSeName:Fire3>","params":[0,0,0,0,0,0,0,25],"price":2000,"wtypeId":6},{"id":42,"animationId":1,"description":"It hurts when beaten\nBlow 1 direction gap 50","etypeId":1,"traits":[{"code":31,"dataId":1,"value":0}],"iconIndex":108,"name":"Mace","note":"<shotWay:1>\n<shotSpace:0.3>\n<shotCount:40>\n<shotSpeed:0.15>\n<shotInterval:50>\n<shotType:3>\n<shotIndex:4>\n<shotSkill:803>\n<shotSeName:Wind7>","params":[0,0,0,0,0,0,0,11],"price":1000,"wtypeId":2},{"id":43,"animationId":1,"description":"Tools for hitting nails\nBlow 1 direction gap 50","etypeId":1,"traits":[{"code":31,"dataId":1,"value":0}],"iconIndex":110,"name":"hammer","note":"<shotWay:1>\n<shotSpace:0.3>\n<shotCount:40>\n<shotSpeed:0.15>\n<shotInterval:50>\n<shotType:3>\n<shotIndex:5>\n<shotSkill:803>\n<shotSeName:Wind7>","params":[0,0,0,0,0,0,0,16],"price":1500,"wtypeId":6},{"id":44,"animationId":1,"description":"From now on to save the world\nBlow 1 direction gap 50","etypeId":1,"traits":[{"code":31,"dataId":1,"value":0}],"iconIndex":113,"name":"Iron pipe","note":"<shotWay:1>\n<shotSpace:0.3>\n<shotCount:40>\n<shotSpeed:0.15>\n<shotInterval:50>\n<shotType:3>\n<shotIndex:13>\n<shotSkill:803>\n<shotSeName:Wind7>","params":[0,0,0,0,0,0,0,21],"price":2000,"wtypeId":6},{"id":45,"animationId":1,"description":"Boomerang type blunt instrument that does not come back\nBlow 3 directions long gap 50","etypeId":1,"traits":[{"code":31,"dataId":1,"value":0}],"iconIndex":102,"name":"boomerang","note":"<shotWay:3>\n<shotSpace:0.2>\n<shotCount:60>\n<shotSpeed:0.15>\n<shotInterval:50>\n<shotType:3>\n<shotIndex:15>\n<shotSkill:803>\n<shotSeName:Wind7>","params":[0,0,0,0,0,0,0,16],"price":2300,"wtypeId":6},{"id":46,"animationId":1,"description":"Pico when beaten! Screaming and dying\nBlow 1 direction gap 50","etypeId":1,"traits":[{"code":31,"dataId":1,"value":0}],"iconIndex":223,"name":"Pico Pico Hammer","note":"<shotWay:1>\n<shotSpace:0.3>\n<shotCount:30>\n<shotSpeed:0.15>\n<shotInterval:50>\n<shotType:4>\n<shotIndex:4>\n<shotSkill:809>\n<shotSeName:Wind7>","params":[0,0,0,0,0,0,0,32],"price":5000,"wtypeId":6},{"id":47,"animationId":1,"description":"When hit, it digs into the mantle\nBlow 1 direction gap 50","etypeId":1,"traits":[{"code":31,"dataId":1,"value":0}],"iconIndex":223,"name":"Thor hammer","note":"<shotWay:1>\n<shotSpace:0.3>\n<shotCount:30>\n<shotSpeed:0.15>\n<shotInterval:50>\n<shotType:5>\n<shotIndex:4>\n<shotSkill:809>\n<shotSeName:Wind7>","params":[0,0,0,0,0,0,0,88],"price":17000,"wtypeId":2},{"id":48,"animationId":1,"description":"Everything you touch is delicious, chopped fish\nSlashing 1 direction long gap 60","etypeId":1,"traits":[{"code":31,"dataId":1,"value":0},{"code":22,"dataId":0,"value":0.05}],"iconIndex":260,"name":"Hairtail","note":"<shotWay:1>\n<shotSpace:0.3>\n<shotCount:40>\n<shotSpeed:0.2>\n<shotInterval:60>\n<shotType:3>\n<shotIndex:32>\n<shotSkill:811>\n<shotSeName:Wind7>","params":[0,0,0,0,0,0,0,10],"price":1200,"wtypeId":5},{"id":49,"animationId":1,"description":"Moldy oranges\nFood 1-way long gap 40","etypeId":1,"traits":[{"code":31,"dataId":1,"value":0},{"code":22,"dataId":0,"value":0.05}],"iconIndex":263,"name":"Orange","note":"<shotWay:1>\n<shotSpace:0.3>\n<shotCount:40>\n<shotSpeed:0.2>\n<shotInterval:40>\n<shotType:3>\n<shotIndex:35>\n<shotSkill:825>\n<shotSeName:Wind7>","params":[0,0,0,0,0,0,0,5],"price":500,"wtypeId":5},{"id":50,"animationId":1,"description":"A pie that is not wrapped in kindness\nFood 1-way long gap 40","etypeId":1,"traits":[{"code":31,"dataId":1,"value":0}],"iconIndex":266,"name":"Pumpkin and herring pie","note":"<shotWay:1>\n<shotSpace:0.3>\n<shotCount:40>\n<shotSpeed:0.2>\n<shotInterval:40>\n<shotType:4>\n<shotIndex:18>\n<shotSkill:825>\n<shotSeName:Wind7>","params":[0,0,0,0,0,0,0,30],"price":3500,"wtypeId":5},{"id":51,"animationId":1,"description":"A sweet cake like a dream\nFood installation gap 70","etypeId":1,"traits":[{"code":31,"dataId":1,"value":0}],"iconIndex":274,"name":"cake","note":"<shotWay:1>\n<shotSpace:0.3>\n<shotCount:200>\n<shotSpeed:0>\n<shotInterval:70>\n<shotType:4>\n<shotIndex:19>\n<shotSkill:825>\n<shotSeName:pyoro46>","params":[0,0,0,0,0,0,0,50],"price":5000,"wtypeId":5},{"id":52,"animationId":1,"description":"Little by little what everyone likes\nFood 1 direction gap 50","etypeId":1,"traits":[{"code":31,"dataId":1,"value":0}],"iconIndex":274,"name":"Lunch plate","note":"<shotWay:1>\n<shotSpace:0.3>\n<shotCount:40>\n<shotSpeed:0.15>\n<shotInterval:50>\n<shotType:4>\n<shotIndex:29>\n<shotSkill:825>\n<shotSeName:Wind7>","params":[0,0,0,0,0,0,0,37],"price":6000,"wtypeId":5},{"id":53,"animationId":1,"description":"A fish pie looking at the stars becomes a star when eaten\nFood 1-way long gap 70","etypeId":1,"traits":[{"code":31,"dataId":1,"value":0}],"iconIndex":266,"name":"Stargazy pie","note":"<shotWay:1>\n<shotSpace:0.3>\n<shotCount:40>\n<shotSpeed:0.2>\n<shotInterval:70>\n<shotType:5>\n<shotIndex:18>\n<shotSkill:825>\n<shotSeName:Wind7>","params":[0,0,0,0,0,0,0,70],"price":10000,"wtypeId":5},{"id":54,"animationId":1,"description":"Cake for the graveyard of life\nFood installation gap 70","etypeId":1,"traits":[{"code":31,"dataId":1,"value":0}],"iconIndex":274,"name":"Wedding cake","note":"<shotWay:1>\n<shotSpace:0.3>\n<shotCount:200>\n<shotSpeed:0>\n<shotInterval:70>\n<shotType:5>\n<shotIndex:19>\n<shotSkill:825>\n<shotSeName:pyoro46>","params":[0,0,0,0,0,0,0,90],"price":12000,"wtypeId":5},{"id":55,"animationId":1,"description":"Appetizer soup fish sorbet meat vegetables sweet coffee all together poisoned\nFood 1 direction gap 50","etypeId":1,"traits":[{"code":31,"dataId":1,"value":0}],"iconIndex":274,"name":"Full course","note":"<shotWay:1>\n<shotSpace:0.3>\n<shotCount:40>\n<shotSpeed:0.15>\n<shotInterval:50>\n<shotType:5>\n<shotIndex:29>\n<shotSkill:825>\n<shotSeName:Wind7>","params":[0,0,0,0,0,0,0,90],"price":15000,"wtypeId":5},{"id":56,"animationId":1,"description":"A little sick love letter\nTemptation 3 directions gap 40","etypeId":1,"traits":[{"code":31,"dataId":1,"value":0},{"code":22,"dataId":0,"value":0}],"iconIndex":192,"name":"Love letter","note":"<shotWay:3>\n<shotSpace:0.5>\n<shotCount:20>\n<shotSpeed:0.3>\n<shotInterval:40>\n<shotType:4>\n<shotIndex:31>\n<shotSkill:806>\n<shotSeName:Wind7>\n<shotSeVolume:70>\n<shotSePitch:150>","params":[0,0,0,0,0,0,0,1],"price":2500,"wtypeId":2},{"id":57,"animationId":1,"description":"A love letter with hair and nails in it with the letter\nTemptation 3 directions gap 40","etypeId":1,"traits":[{"code":31,"dataId":1,"value":0},{"code":22,"dataId":0,"value":0}],"iconIndex":192,"name":"Dangerous love letter","note":"<shotWay:3>\n<shotSpace:0.5>\n<shotCount:20>\n<shotSpeed:0.3>\n<shotInterval:40>\n<shotType:5>\n<shotIndex:31>\n<shotSkill:806>\n<shotSeName:Wind7>\n<shotSeVolume:70>\n<shotSePitch:150>","params":[0,0,0,0,0,0,0,40],"price":12000,"wtypeId":2},{"id":58,"animationId":1,"description":"Suddenly hurt someone\nWater one-way delay 60","etypeId":1,"traits":[{"code":31,"dataId":1,"value":0}],"iconIndex":87,"name":"Half-hearted pieces","note":"<shotWay:1>\n<shotSpace:0.3>\n<shotCount:150>\n<shotSpeed:0.05>\n<shotInterval:60>\n<shotType:3>\n<shotIndex:19>\n<shotSkill:826>\n<shotSeName:Sword5>\n<shotSeVolume:70>\n<shotSePitch:50>","params":[0,0,0,0,0,0,0,14],"price":1000,"wtypeId":1},{"id":59,"animationId":1,"description":"A gun that makes holes with water pressure.\nWater one-way length gap 180","etypeId":1,"traits":[{"code":31,"dataId":1,"value":0},{"code":22,"dataId":0,"value":0.05}],"iconIndex":116,"name":"Water gun","note":"<shotWay:1>\n<shotSpace:0.1>\n<shotCount:60>\n<shotSpeed:0.4>\n<shotInterval:180>\n<shotType:3>\n<shotIndex:38>\n<shotSkill:804>\n<shotSeName:Splash>","params":[0,0,0,0,0,0,0,35],"price":2400,"wtypeId":7},{"id":60,"animationId":1,"description":"Power-up version of the water gun, a hole opens in the wall\nWater 1-way long gap 210","etypeId":1,"traits":[{"code":31,"dataId":1,"value":0},{"code":22,"dataId":0,"value":0.05}],"iconIndex":118,"name":"Water bazooka","note":"<shotWay:1>\n<shotSpace:0.1>\n<shotCount:60>\n<shotSpeed:0.4>\n<shotInterval:210>\n<shotType:3>\n<shotIndex:24>\n<shotSkill:804>\n<shotSeName:Splash>","params":[0,0,0,0,0,0,0,80],"price":6000,"wtypeId":7},{"id":61,"animationId":1,"description":"Water gun that launches high-pressure phase ice\nWater 1-way long gap 240","etypeId":1,"traits":[{"code":31,"dataId":1,"value":0},{"code":22,"dataId":0,"value":0.05}],"iconIndex":78,"name":"Water dragon bullet","note":"<shotWay:1>\n<shotSpace:0.1>\n<shotCount:60>\n<shotSpeed:0.4>\n<shotInterval:240>\n<shotType:4>\n<shotIndex:38>\n<shotSkill:804>\n<shotSeName:Splash>","params":[0,0,0,0,0,0,0,155],"price":10000,"wtypeId":7},{"id":62,"animationId":1,"description":"It seems that if you hit it down, you can fly in the sky in reaction\nFlame 1 direction gap 6 fixed damage 3","etypeId":1,"traits":[{"code":31,"dataId":1,"value":0},{"code":22,"dataId":0,"value":0}],"iconIndex":115,"name":"Machine gun","note":"<shotWay:1>\n<shotSpace:0.1>\n<shotCount:30>\n<shotSpeed:0.4>\n<shotInterval:6>\n<shotType:1>\n<shotIndex:1>\n<shotSkill:827>\n<shotSeName:Gun1>\n<shotSePitch:150>\n<shotSeVolume:50>","params":[0,0,0,0,0,0,0,0],"price":8000,"wtypeId":7},{"id":63,"animationId":1,"description":"Arctic Star Hand Gun\nFixed damage for 1 direction of flame, 20 levels of gap","etypeId":1,"traits":[{"code":31,"dataId":1,"value":0},{"code":22,"dataId":0,"value":0}],"iconIndex":104,"name":"Polar Star","note":"<shotWay:1>\n<shotSpace:0.1>\n<shotCount:40>\n<shotSpeed:0.4>\n<shotInterval:20>\n<shotType:1>\n<shotIndex:2>\n<shotSkill:828>\n<shotSeName:Gun1>\n<shotSePitch:150>","params":[0,0,0,0,0,0,0,0],"price":10000,"wtypeId":7},{"id":64,"animationId":1,"description":"A short-range gun that scatters a large amount of bullets\nFlame 10-direction short gap 30 Fixed damage 3","etypeId":1,"traits":[{"code":31,"dataId":1,"value":0},{"code":22,"dataId":0,"value":0}],"iconIndex":115,"name":"Shotgun","note":"<shotWay:10>\n<shotSpace:0.05>\n<shotCount:15>\n<shotSpeed:0.4>\n<shotInterval:30>\n<shotType:1>\n<shotIndex:1>\n<shotSkill:827>\n<shotSeName:Gun1>\n<shotSePitch:50>","params":[0,0,0,0,0,0,0,0],"price":7000,"wtypeId":7},{"id":65,"animationId":1,"description":"A device that accelerates and launches an object by Lorentz force\nLightning 1 direction long gap 300 fixed damage 100 terrain penetration","etypeId":1,"traits":[{"code":31,"dataId":1,"value":0},{"code":22,"dataId":0,"value":0}],"iconIndex":116,"name":"Railgun","note":"<shotWay:1>\n<shotSpace:0.1>\n<shotCount:120>\n<shotSpeed:0.6>\n<shotInterval:300>\n<shotType:2>\n<shotIndex:3>\n<shotSkill:829>\n<shotSeName:Gun3>\n<shotSePitch:50>","params":[0,0,0,0,0,0,0,0],"price":10000,"wtypeId":7},{"id":66,"animationId":1,"description":"Machine gun of female armed search robot\nFlame 2 direction long gap 6 Fixed damage 3","etypeId":1,"traits":[{"code":31,"dataId":1,"value":0},{"code":22,"dataId":0,"value":0}],"iconIndex":115,"name":"Brace gun","note":"<shotWay:2>\n<shotSpace:0.01>\n<shotCount:35>\n<shotSpeed:0.4>\n<shotInterval:6>\n<shotType:1>\n<shotIndex:1>\n<shotSkill:827>\n<shotSeName:Gun1>\n<shotSePitch:150>\n<shotSeVolume:50>","params":[0,0,0,0,0,0,0,0],"price":20000,"wtypeId":7},{"id":67,"animationId":1,"description":"Hello, 12 people, someone ...\nWater 1 direction long gap 15 Level fixed damage","etypeId":1,"traits":[{"code":31,"dataId":1,"value":0},{"code":22,"dataId":0,"value":0}],"iconIndex":104,"name":"Spur","note":"<shotWay:1>\n<shotSpace:0.1>\n<shotCount:60>\n<shotSpeed:0.4>\n<shotInterval:15>\n<shotType:2>\n<shotIndex:2>\n<shotSkill:833>\n<shotSeName:Gun1>\n<shotSePitch:150>","params":[0,0,0,0,0,0,0,0],"price":10000,"wtypeId":7},{"id":68,"animationId":1,"description":"Shotgun to take responsibility\nFlame 20 directions short gap 30 fixed damage 3","etypeId":1,"traits":[{"code":31,"dataId":1,"value":0},{"code":22,"dataId":0,"value":0}],"iconIndex":115,"name":"Marriage gun","note":"<shotWay:20>\n<shotSpace:0.12>\n<shotCount:15>\n<shotSpeed:0.4>\n<shotInterval:30>\n<shotType:1>\n<shotIndex:1>\n<shotSkill:827>\n<shotSeName:Gun1>\n<shotSePitch:50>","params":[0,0,0,0,0,0,0,0],"price":15000,"wtypeId":7},{"id":69,"animationId":1,"description":"Security android equipment\nLightning 5 directions Gap 15 Fixed damage 3","etypeId":1,"traits":[{"code":31,"dataId":1,"value":0},{"code":22,"dataId":0,"value":0}],"iconIndex":115,"name":"Turret gun","note":"<shotWay:5>\n<shotSpace:0.10>\n<shotCount:30>\n<shotSpeed:0.4>\n<shotInterval:15>\n<shotType:1>\n<shotIndex:3>\n<shotSkill:834>\n<shotSeName:Gun1>\n<shotSePitch:150>\n<shotSeVolume:50>","params":[0,0,0,0,0,0,0,0],"price":10000,"wtypeId":7},{"id":70,"animationId":1,"description":"A gun that scatters bullets\nLightning 16 directions Gap 30 Fixed damage 3","etypeId":1,"traits":[{"code":31,"dataId":1,"value":0},{"code":22,"dataId":0,"value":0}],"iconIndex":115,"name":"Cluster gun","note":"<shotWay:16>\n<shotSpace:0.03>\n<shotCount:20>\n<shotSpeed:0.4>\n<shotInterval:30>\n<shotType:1>\n<shotIndex:3>\n<shotSkill:834>\n<shotSeName:Gun1>\n<shotSePitch:150>\n<shotSeVolume:50>","params":[0,0,0,0,0,0,0,0],"price":10000,"wtypeId":7},{"id":71,"animationId":1,"description":"Chop it up and make it a sacrifice to the devil\nSlashing 1-way short gap 150","etypeId":1,"traits":[{"code":31,"dataId":1,"value":0},{"code":22,"dataId":0,"value":0}],"iconIndex":117,"name":"Chainsaw","note":"<shotWay:1>\n<shotSpace:0.1>\n<shotCount:30>\n<shotSpeed:0.08>\n<shotInterval:150>\n<shotType:4>\n<shotIndex:10>\n<shotSkill:821>\n<shotSeName:Gun2>\n<shotSePitch:120>","params":[0,0,0,0,0,0,0,80],"price":10000,"wtypeId":7},{"id":72,"animationId":1,"description":"When you step on it, the thunder of God falls\nLightning installation gap 300 penetration","etypeId":1,"traits":[{"code":31,"dataId":1,"value":0}],"iconIndex":79,"name":"Tempest","note":"<shotWay:1>\n<shotSpace:0.3>\n<shotCount:300>\n<shotSpeed:0>\n<shotInterval:300>\n<shotType:4>\n<shotIndex:16>\n<shotSkill:830>\n<shotSeName:Wind7>\n<shotSeVolume:70>\n<shotSePitch:50>","params":[0,0,0,0,0,0,0,80],"price":7000,"wtypeId":7},{"id":73,"animationId":1,"description":"When you step on it, an arrow of light falls\nLightning installation gap 300 penetration","etypeId":1,"traits":[{"code":31,"dataId":1,"value":0}],"iconIndex":79,"name":"Bible","note":"<shotWay:1>\n<shotSpace:0.3>\n<shotCount:300>\n<shotSpeed:0>\n<shotInterval:300>\n<shotType:4>\n<shotIndex:16>\n<shotSkill:831>\n<shotSeName:Wind7>\n<shotSeVolume:70>\n<shotSePitch:50>","params":[0,0,0,0,0,0,0,175],"price":12000,"wtypeId":7},{"id":74,"animationId":1,"description":"A weapon that projects a lit liquid\nFlame 5 directions short gap 15 fixed damage 3","etypeId":1,"traits":[{"code":31,"dataId":1,"value":0},{"code":22,"dataId":0,"value":0.05}],"iconIndex":64,"name":"Flamethrower","note":"<shotWay:5>\n<shotSpace:0.3>\n<shotCount:7>\n<shotSpeed:0.2>\n<shotInterval:15>\n<shotType:4>\n<shotIndex:39>\n<shotSkill:832>\n<shotSeName:Fire2>\n<shotSeVolume:70>\n<shotSePitch:150>","params":[0,0,0,0,0,0,0,0],"price":7000,"wtypeId":7},{"id":75,"animationId":1,"description":"Goddess gun that symbolizes God's wrath and punishment\nLightning 1 direction gap 30 50-Level fixed damage","etypeId":1,"traits":[{"code":31,"dataId":1,"value":0},{"code":22,"dataId":0,"value":0}],"iconIndex":104,"name":"Nemesis","note":"<shotWay:1>\n<shotSpace:0.1>\n<shotCount:35>\n<shotSpeed:0.3>\n<shotInterval:30>\n<shotType:1>\n<shotIndex:3>\n<shotSkill:835>\n<shotSeName:Gun1>\n<shotSePitch:150>","params":[0,0,0,0,0,0,0,0],"price":10000,"wtypeId":7},{"id":76,"animationId":1,"description":"Someone will die again tonight\nLightning 2 directions 50-Level fixed damage","etypeId":1,"traits":[{"code":31,"dataId":1,"value":0},{"code":22,"dataId":0,"value":0}],"iconIndex":104,"name":"Crimson","note":"<shotWay:2>\n<shotSpace:0.3>\n<shotCount:35>\n<shotSpeed:0.3>\n<shotInterval:50>\n<shotType:1>\n<shotIndex:1>\n<shotSkill:835>\n<shotSeName:Gun1>\n<shotSePitch:150>","params":[0,0,0,0,0,0,0,0],"price":0,"wtypeId":7},{"id":77,"animationId":1,"description":"Tools used to weld metal\nFlame 6-direction short gap 15 Fixed damage 3","etypeId":1,"traits":[{"code":31,"dataId":1,"value":0},{"code":22,"dataId":0,"value":0.05}],"iconIndex":64,"name":"Flames lower","note":"<shotWay:6>\n<shotSpace:0.2>\n<shotCount:9>\n<shotSpeed:0.2>\n<shotInterval:15>\n<shotType:4>\n<shotIndex:39>\n<shotSkill:832>\n<shotSeName:Fire2>\n<shotSeVolume:70>\n<shotSePitch:150>","params":[0,0,0,0,0,0,0,0],"price":10000,"wtypeId":7},{"id":78,"animationId":1,"description":"Easy-to-use gun\nFlame 1 direction gap 30 fixed damage 3 custom parts can be equipped","etypeId":1,"traits":[{"code":31,"dataId":1,"value":0},{"code":22,"dataId":0,"value":0},{"code":52,"dataId":10,"value":1}],"iconIndex":115,"name":"Hand gun","note":"<shotWay:1>\n<shotSpace:0>\n<shotCount:45>\n<shotSpeed:0.4>\n<shotInterval:30>\n<shotType:1>\n<shotIndex:1>\n<shotSkill:827>\n<shotSeName:Gun1>\n<shotSePitch:150>\n<shotSeVolume:50>","params":[0,0,0,0,0,0,0,0],"price":1000,"wtypeId":7},{"id":79,"animationId":1,"description":"A hand gun modified to release 3 bullets at the same time\nFlame 3 directions, gap 30, fixed damage 3, custom parts can be equipped","etypeId":1,"traits":[{"code":31,"dataId":1,"value":0},{"code":22,"dataId":0,"value":0},{"code":52,"dataId":10,"value":1}],"iconIndex":115,"name":"Burst gun","note":"<shotWay:3>\n<shotSpace:0>\n<shotCount:45>\n<shotSpeed:0.4>\n<shotInterval:30>\n<shotType:1>\n<shotIndex:1>\n<shotSkill:827>\n<shotSeName:Gun1>\n<shotSePitch:150>\n<shotSeVolume:50>","params":[0,0,0,0,0,0,0,0],"price":3000,"wtypeId":7},{"id":80,"animationId":1,"description":"A device that accelerates and launches coins by Lorentz force\nLightning 2 directions long gap 300 fixed damage 100 terrain penetration","etypeId":1,"traits":[{"code":31,"dataId":1,"value":0},{"code":22,"dataId":0,"value":0}],"iconIndex":116,"name":"Coin shooter","note":"<shotWay:2>\n<shotSpace:0.01>\n<shotCount:120>\n<shotSpeed:0.6>\n<shotInterval:300>\n<shotType:2>\n<shotIndex:3>\n<shotSkill:829>\n<shotSeName:Gun3>\n<shotSePitch:50>","params":[0,0,0,0,0,0,0,0],"price":10000,"wtypeId":7},{"id":81,"animationId":1,"description":"Powerful enough to blow Torte 1km away\nFlame installation gap 999","etypeId":1,"traits":[{"code":31,"dataId":1,"value":0},{"code":21,"dataId":7,"value":2}],"iconIndex":218,"name":"Torte bomb","note":"<shotWay:1>\n<shotSpace:0.5>\n<shotCount:500>\n<shotSpeed:0.0>\n<shotInterval:999>\n<shotType:3>\n<shotIndex:36>\n<shotSkill:808>\n<shotSeName:key>","params":[0,0,0,0,0,0,0,500],"price":500,"wtypeId":2},{"id":82,"animationId":1,"description":"Bomb leaks like diarrhea\nFlame installation gap 10","etypeId":1,"traits":[{"code":31,"dataId":1,"value":0},{"code":22,"dataId":0,"value":0.05}],"iconIndex":218,"name":"Skull panel","note":"<shotWay:1>\n<shotSpace:0.5>\n<shotCount:200>\n<shotSpeed:0.0>\n<shotInterval:10>\n<shotType:3>\n<shotIndex:36>\n<shotSkill:808>\n<shotSeName:key>","params":[0,0,0,0,0,0,0,5],"price":500,"wtypeId":2},{"id":83,"animationId":1,"description":"Black forest cherry cake\nFood installation gap 70","etypeId":1,"traits":[{"code":31,"dataId":1,"value":0}],"iconIndex":274,"name":"Kirstorte","note":"<shotWay:1>\n<shotSpace:0.3>\n<shotCount:200>\n<shotSpeed:0>\n<shotInterval:70>\n<shotType:5>\n<shotIndex:19>\n<shotSkill:825>\n<shotSeName:pyoro46>","params":[0,0,0,0,0,0,0,140],"price":0,"wtypeId":5},{"id":84,"animationId":1,"description":"Red lipstick like a rose\nTemptation 2 directions gap 30","etypeId":1,"traits":[{"code":31,"dataId":1,"value":0},{"code":22,"dataId":0,"value":0.05}],"iconIndex":84,"name":"Rose lip","note":"<shotWay:2>\n<shotSpace:0.5>\n<shotCount:40>\n<shotSpeed:0.1>\n<shotInterval:30>\n<shotType:3>\n<shotIndex:40>\n<shotSkill:806>\n<shotSeName:lip00>","params":[0,0,0,0,0,0,0,80],"price":500,"wtypeId":4},{"id":85,"animationId":1,"description":"A sexy beam emitter.\nLightning 2-directional %60 Crit","etypeId":1,"traits":[{"code":31,"dataId":1,"value":0},{"code":22,"dataId":0,"value":0}],"iconIndex":109,"name":"Princess Heart","note":"<shotWay:2>\n<shotSpace:0.3>\n<shotCount:80>\n<shotSpeed:0.1>\n<shotInterval:60>\n<shotType:3>\n<shotIndex:41>\n<shotSkill:812>\n<shotSeName:Saint1>","params":[0,0,0,0,0,0,0,50],"price":500,"wtypeId":4},{"id":86,"animationId":1,"description":"Sprinkle as you like\nWater 4 directions slow gap 80","etypeId":1,"traits":[{"code":31,"dataId":1,"value":0}],"iconIndex":87,"name":"Random pieces","note":"<shotWay:4>\n<shotSpace:0.5>\n<shotCount:150>\n<shotSpeed:0.05>\n<shotInterval:60>\n<shotType:3>\n<shotIndex:19>\n<shotSkill:826>\n<shotSeName:Sword5>\n<shotSeVolume:70>\n<shotSePitch:50>","params":[0,0,0,0,0,0,0,5],"price":1000,"wtypeId":1},{"id":87,"animationId":1,"description":"食べると眠り続けてしまう毒入りのリンゴ\n食べ物　1方向長　隙40","etypeId":1,"traits":[{"code":31,"dataId":1,"value":0},{"code":22,"dataId":0,"value":0.05}],"iconIndex":265,"name":"Poisoned apple","note":"<shotWay:1>\n<shotSpace:0.3>\n<shotCount:40>\n<shotSpeed:0.2>\n<shotInterval:40>\n<shotType:3>\n<shotIndex:34>\n<shotSkill:825>\n<shotSeName:Wind7>","params":[0,0,0,0,0,0,0,25],"price":3000,"wtypeId":5},{"id":88,"animationId":1,"description":"ストレス解消にちょうどいいクマのぬいぐるみ\n打撃　1方向長　隙60","etypeId":1,"traits":[{"code":31,"dataId":1,"value":0},{"code":22,"dataId":0,"value":0.05}],"iconIndex":149,"name":"ぬいぐるみ","note":"<shotWay:1>\n<shotSpace:0.3>\n<shotCount:60>\n<shotSpeed:0.15>\n<shotInterval:60>\n<shotType:4>\n<shotIndex:22>\n<shotSkill:803>\n<shotSeName:Wind7>","params":[0,0,0,0,0,0,0,35],"price":0,"wtypeId":2},{"id":89,"animationId":1,"description":"手に入れたことを誰かに喋ると死ぬ\n水　3方向短　隙45","etypeId":1,"traits":[{"code":31,"dataId":1,"value":0},{"code":22,"dataId":0,"value":0.05}],"iconIndex":97,"name":"アイスソード","note":"<shotWay:3>\n<shotSpace:0.3>\n<shotCount:20>\n<shotSpeed:0.2>\n<shotInterval:45>\n<shotType:4>\n<shotIndex:35>\n<shotSkill:826>\n<shotSeName:Sword4>\n<shotSeVolume:70>\n<shotSePitch:150>","params":[0,0,0,0,0,0,0,15],"price":10,"wtypeId":1},{"id":90,"animationId":1,"description":"とてもわくわくする箱　開けると爆発する\n炎　設置　隙80","etypeId":1,"traits":[{"code":31,"dataId":1,"value":0}],"iconIndex":306,"name":"プレゼント","note":"<shotWay:1>\n<shotSpace:0.3>\n<shotCount:300>\n<shotSpeed:0>\n<shotInterval:100>\n<shotType:4>\n<shotIndex:30>\n<shotSkill:808>\n<shotSeName:Wind7>\n<shotSeVolume:70>\n<shotSePitch:50>","params":[0,0,0,0,0,0,0,100],"price":0,"wtypeId":7},{"id":91,"animationId":1,"description":"手からビガーっと雷撃を放つ魔法\n雷　3方向長　隙45　貫通","etypeId":1,"traits":[{"code":31,"dataId":1,"value":0},{"code":22,"dataId":0,"value":0.05}],"iconIndex":66,"name":"ショックジョッキー","note":"<shotWay:3>\n<shotSpace:0.3>\n<shotCount:40>\n<shotSpeed:0.5>\n<shotInterval:45>\n<shotType:4>\n<shotIndex:35>\n<shotSkill:819>\n<shotSeName:Thunder3>\n<shotSeVolume:70>\n<shotSePitch:150>","params":[0,0,0,0,0,0,0,45],"price":0,"wtypeId":7},{"id":92,"animationId":1,"description":"剣の道を究めた魚　はらわたが苦い\n斬撃　1方向長　隙30","etypeId":1,"traits":[{"code":31,"dataId":1,"value":0},{"code":22,"dataId":0,"value":0.05}],"iconIndex":260,"name":"剣豪魚","note":"<shotWay:1>\n<shotSpace:0.3>\n<shotCount:40>\n<shotSpeed:0.5>\n<shotInterval:30>\n<shotType:3>\n<shotIndex:32>\n<shotSkill:811>\n<shotSeName:Wind7>","params":[0,0,0,0,0,0,0,52],"price":10000,"wtypeId":5},{"id":93,"animationId":1,"description":"独自の言語で書かれた謎の書物\n雷　設置　隙300　貫通","etypeId":1,"traits":[{"code":31,"dataId":1,"value":0}],"iconIndex":79,"name":"ヴォイニッチ手稿","note":"<shotWay:1>\n<shotSpace:0.3>\n<shotCount:300>\n<shotSpeed:0>\n<shotInterval:300>\n<shotType:4>\n<shotIndex:16>\n<shotSkill:831>\n<shotSeName:Wind7>\n<shotSeVolume:70>\n<shotSePitch:50>","params":[0,0,0,0,0,0,0,500],"price":1,"wtypeId":7},{"id":94,"animationId":1,"description":"好き放題魔法弾を撃つわがままハンドガン\n炎　3方向　隙30　固定ダメージ15　カスタムパーツ装備可","etypeId":1,"traits":[{"code":31,"dataId":1,"value":0},{"code":22,"dataId":0,"value":0},{"code":52,"dataId":10,"value":1}],"iconIndex":115,"name":"リリスエッジ","note":"<shotWay:3>\n<shotSpace:0>\n<shotCount:45>\n<shotSpeed:0.4>\n<shotInterval:30>\n<shotType:1>\n<shotIndex:1>\n<shotSkill:836>\n<shotSeName:Gun1>\n<shotSePitch:150>\n<shotSeVolume:50>","params":[0,0,0,0,0,0,0,0],"price":1,"wtypeId":7},{"id":95,"animationId":1,"description":"ヤマネコ印のリボルバー\n炎　1方向　隙35　固定ダメージ15　カスタムパーツ装備可","etypeId":1,"traits":[{"code":31,"dataId":1,"value":0},{"code":22,"dataId":0,"value":0},{"code":52,"dataId":10,"value":1}],"iconIndex":115,"name":"オセロット","note":"<shotWay:1>\n<shotSpace:0>\n<shotCount:50>\n<shotSpeed:0.4>\n<shotInterval:35>\n<shotType:1>\n<shotIndex:1>\n<shotSkill:836>\n<shotSeName:Gun1>\n<shotSePitch:150>\n<shotSeVolume:50>","params":[0,0,0,0,0,0,0,0],"price":0,"wtypeId":7},{"id":96,"animationId":1,"description":"空気中の水分を圧縮して撃つ銃　カスタムパーツ装備可\n水　1方向長　隙240","etypeId":1,"traits":[{"code":31,"dataId":1,"value":0},{"code":22,"dataId":0,"value":0.05},{"code":52,"dataId":10,"value":1}],"iconIndex":78,"name":"アクアベレッタ","note":"<shotWay:1>\n<shotSpace:0.1>\n<shotCount:60>\n<shotSpeed:0.4>\n<shotInterval:240>\n<shotType:4>\n<shotIndex:38>\n<shotSkill:804>\n<shotSeName:Splash>","params":[0,0,0,0,0,0,0,200],"price":10000,"wtypeId":7},{"id":97,"animationId":1,"description":"一度も使ったことがないチェンソー\n斬撃　1方向短　隙180","etypeId":1,"traits":[{"code":31,"dataId":1,"value":0},{"code":22,"dataId":0,"value":0}],"iconIndex":117,"name":"ジェインソー","note":"<shotWay:1>\n<shotSpace:0.1>\n<shotCount:30>\n<shotSpeed:0.08>\n<shotInterval:180>\n<shotType:5>\n<shotIndex:10>\n<shotSkill:821>\n<shotSeName:Gun2>\n<shotSePitch:120>","params":[0,0,0,0,0,0,0,250],"price":20000,"wtypeId":7},{"id":98,"animationId":1,"description":"最強の剣　レベル99のリリスを倒した証\n斬撃　1方向　隙30","etypeId":1,"traits":[{"code":31,"dataId":1,"value":0},{"code":22,"dataId":0,"value":0.05}],"iconIndex":112,"name":"リリスバスター","note":"<shotWay:1>\n<shotSpace:0.7>\n<shotCount:20>\n<shotSpeed:0.3>\n<shotInterval:30>\n<shotType:5>\n<shotIndex:3>\n<shotSkill:821>\n<shotSeName:Sword4>\n<shotSeVolume:70>\n<shotSePitch:150>","params":[0,0,0,0,0,0,0,500],"price":0,"wtypeId":1},{"id":99,"animationId":1,"description":"地元じゃ負け知らず　ゲームオーバー0クリアの証\n雷　1方向　隙100","etypeId":1,"traits":[{"code":31,"dataId":1,"value":0},{"code":22,"dataId":0,"value":0.05}],"iconIndex":77,"name":"アミーゴ","note":"<shotWay:1>\n<shotSpace:0.7>\n<shotCount:60>\n<shotSpeed:0.1>\n<shotInterval:100>\n<shotType:5>\n<shotIndex:16>\n<shotSkill:812>\n<shotSeName:Sword4>\n<shotSeVolume:70>\n<shotSePitch:150>","params":[0,0,0,0,0,0,0,500],"price":0,"wtypeId":1},{"id":100,"animationId":1,"description":"殴られると面白くないのに笑ってしまう木槌\n打撃　1方向　隙50","etypeId":1,"traits":[{"code":31,"dataId":1,"value":0}],"iconIndex":223,"name":"カンマーハンマー","note":"<shotWay:1>\n<shotSpace:0.3>\n<shotCount:30>\n<shotSpeed:0.15>\n<shotInterval:50>\n<shotType:4>\n<shotIndex:4>\n<shotSkill:809>\n<shotSeName:Wind7>","params":[0,0,0,0,0,0,0,75],"price":1,"wtypeId":6},{"id":101,"animationId":1,"description":"炎系の初級魔法\n炎　1方向　隙100","etypeId":1,"traits":[{"code":31,"dataId":1,"value":0},{"code":22,"dataId":0,"value":0.05}],"iconIndex":64,"name":"ぷちファイア","note":"<shotWay:1>\n<shotSpace:0.3>\n<shotCount:80>\n<shotSpeed:0.2>\n<shotInterval:100>\n<shotType:4>\n<shotIndex:39>\n<shotSkill:818>\n<shotSeName:Fire1>\n<shotSeVolume:70>\n<shotSePitch:150>","params":[0,0,0,0,0,0,0,50],"price":500,"wtypeId":7},{"id":102,"animationId":1,"description":"魔王米のおにぎりに毒を詰めたもの\n食べ物　1方向　隙80","etypeId":1,"traits":[{"code":31,"dataId":1,"value":0},{"code":22,"dataId":0,"value":0.05}],"iconIndex":281,"name":"おにぎり","note":"<shotWay:1>\n<shotSpace:0.3>\n<shotCount:80>\n<shotSpeed:0.15>\n<shotInterval:80>\n<shotType:3>\n<shotIndex:44>\n<shotSkill:825>\n<shotSeName:Wind7>","params":[0,0,0,0,0,0,0,25],"price":0,"wtypeId":7},{"id":103,"animationId":1,"description":"中が空洞になっている剣\n斬撃　1方向　隙30","etypeId":1,"traits":[{"code":31,"dataId":1,"value":0},{"code":22,"dataId":0,"value":0.05}],"iconIndex":112,"name":"ハルジオン","note":"<shotWay:1>\n<shotSpace:0.7>\n<shotCount:20>\n<shotSpeed:0.3>\n<shotInterval:30>\n<shotType:5>\n<shotIndex:3>\n<shotSkill:821>\n<shotSeName:Sword4>\n<shotSeVolume:70>\n<shotSePitch:150>","params":[0,0,0,0,0,0,0,500],"price":0,"wtypeId":1},{"id":104,"animationId":1,"description":"ユイネが2番目に好きだったもの\n雷　設置　隙300　貫通","etypeId":1,"traits":[{"code":31,"dataId":1,"value":0},{"code":21,"dataId":7,"value":2}],"iconIndex":79,"name":"植物図鑑","note":"<shotWay:1>\n<shotSpace:0.3>\n<shotCount:300>\n<shotSpeed:0>\n<shotInterval:300>\n<shotType:4>\n<shotIndex:16>\n<shotSkill:831>\n<shotSeName:Wind7>\n<shotSeVolume:70>\n<shotSePitch:50>","params":[0,0,0,0,0,0,0,500],"price":1,"wtypeId":7},{"id":105,"animationId":1,"description":"唇の魅力を上げると同時に乾燥を防ぐ\n誘惑　2方向　隙70","etypeId":1,"traits":[{"code":31,"dataId":1,"value":0},{"code":22,"dataId":0,"value":0.05}],"iconIndex":84,"name":"リップスティック","note":"<shotWay:2>\n<shotSpace:0.5>\n<shotCount:40>\n<shotSpeed:0.1>\n<shotInterval:70>\n<shotType:3>\n<shotIndex:40>\n<shotSkill:806>\n<shotSeName:lip00>","params":[0,0,0,0,0,0,0,10],"price":1000,"wtypeId":4},{"id":106,"animationId":1,"description":"キスがもっと甘くなる口紅\n誘惑　3方向　隙90","etypeId":1,"traits":[{"code":31,"dataId":1,"value":0},{"code":22,"dataId":0,"value":0.05}],"iconIndex":84,"name":"スイートキッス","note":"<shotWay:3>\n<shotSpace:0.5>\n<shotCount:40>\n<shotSpeed:0.1>\n<shotInterval:90>\n<shotType:3>\n<shotIndex:40>\n<shotSkill:806>\n<shotSeName:lip00>","params":[0,0,0,0,0,0,0,15],"price":3000,"wtypeId":4},{"id":107,"animationId":1,"description":"情熱の赤い口紅\n誘惑　3方向　隙90","etypeId":1,"traits":[{"code":31,"dataId":1,"value":0},{"code":22,"dataId":0,"value":0.05}],"iconIndex":84,"name":"パッショーネ","note":"<shotWay:3>\n<shotSpace:0.5>\n<shotCount:40>\n<shotSpeed:0.1>\n<shotInterval:90>\n<shotType:3>\n<shotIndex:40>\n<shotSkill:806>\n<shotSeName:lip00>","params":[0,0,0,0,0,0,0,40],"price":8000,"wtypeId":4},{"id":108,"animationId":1,"description":"あまりの興奮に心臓発作を起こす投げキッス\n誘惑　1方向　隙200","etypeId":1,"traits":[{"code":31,"dataId":1,"value":0},{"code":22,"dataId":0,"value":0.05}],"iconIndex":84,"name":"ハートアタック","note":"<shotWay:1>\n<shotSpace:0.5>\n<shotCount:40>\n<shotSpeed:0.1>\n<shotInterval:200>\n<shotType:3>\n<shotIndex:40>\n<shotSkill:806>\n<shotSeName:lip00>","params":[0,0,0,0,0,0,0,120],"price":10000,"wtypeId":4},{"id":109,"animationId":1,"description":"メロメロにして脳みそを爆発させるキス\n誘惑　1方向　隙100","etypeId":1,"traits":[{"code":31,"dataId":1,"value":0},{"code":22,"dataId":0,"value":0.05}],"iconIndex":84,"name":"スムーチボム","note":"<shotWay:1>\n<shotSpace:0.5>\n<shotCount:40>\n<shotSpeed:0.1>\n<shotInterval:100>\n<shotType:3>\n<shotIndex:40>\n<shotSkill:806>\n<shotSeName:lip00>","params":[0,0,0,0,0,0,0,50],"price":10000,"wtypeId":4},{"id":110,"animationId":1,"description":"謎の文字で書かれた本　面倒どころの騒ぎじゃない\n雷　設置　隙300　貫通","etypeId":1,"traits":[{"code":31,"dataId":1,"value":0},{"code":21,"dataId":7,"value":2}],"iconIndex":79,"name":"デアスノテ","note":"<shotWay:1>\n<shotSpace:0.3>\n<shotCount:300>\n<shotSpeed:0>\n<shotInterval:300>\n<shotType:4>\n<shotIndex:16>\n<shotSkill:831>\n<shotSeName:Wind7>\n<shotSeVolume:70>\n<shotSePitch:50>","params":[0,0,0,0,0,0,0,500],"price":1,"wtypeId":7},{"id":111,"animationId":0,"description":"","etypeId":1,"traits":[{"code":31,"dataId":1,"value":0},{"code":22,"dataId":0,"value":0}],"iconIndex":0,"name":"","note":"","params":[0,0,0,0,0,0,0,0],"price":0,"wtypeId":0},{"id":112,"animationId":1,"description":"リンゴの皮を向くナイフ\n斬撃　1方向短　隙30","etypeId":1,"traits":[{"code":31,"dataId":1,"value":0},{"code":22,"dataId":0,"value":0.05}],"iconIndex":96,"name":"Fruit Knife","note":"<shotWay:1>\n<shotSpace:0.4>\n<shotCount:15>\n<shotSpeed:0.2>\n<shotInterval:35>\n<shotType:4>\n<shotIndex:35>\n<shotSkill:801>\n<shotSeName:Sword5>\n<shotSeVolume:70>\n<shotSePitch:150>","params":[0,0,0,0,0,0,0,5],"price":0,"wtypeId":2},{"id":113,"animationId":1,"description":"王都マープルの安物量産品\n斬撃　3方向短　隙45　貫通","etypeId":1,"traits":[{"code":31,"dataId":1,"value":0},{"code":22,"dataId":0,"value":0.05}],"iconIndex":97,"name":"マープルソード","note":"<shotWay:3>\n<shotSpace:0.4>\n<shotCount:20>\n<shotSpeed:0.2>\n<shotInterval:45>\n<shotType:4>\n<shotIndex:35>\n<shotSkill:801>\n<shotSeName:Sword4>\n<shotSeVolume:70>\n<shotSePitch:150>","params":[0,0,0,0,0,0,0,30],"price":0,"wtypeId":1},{"id":114,"animationId":1,"description":"壁に立てかけると柄まで地面に刺さる名刀\n斬撃　5方向短　隙45　貫通","etypeId":1,"traits":[{"code":31,"dataId":1,"value":0},{"code":22,"dataId":0,"value":0.05}],"iconIndex":97,"name":"オーガソード","note":"<shotWay:5>\n<shotSpace:0.2>\n<shotCount:20>\n<shotSpeed:0.2>\n<shotInterval:45>\n<shotType:4>\n<shotIndex:35>\n<shotSkill:801>\n<shotSeName:Sword4>\n<shotSeVolume:70>\n<shotSePitch:150>","params":[0,0,0,0,0,0,0,100],"price":0,"wtypeId":1},{"id":115,"animationId":1,"description":"An magical tome that allows the user to cast fire.\nFire Short Direction 45% Crit","etypeId":1,"traits":[{"code":31,"dataId":1,"value":0},{"code":22,"dataId":0,"value":0.05}],"iconIndex":64,"name":"Fire Tome","note":"<shotWay:2>\n<shotSpace:0.3>\n<shotCount:20>\n<shotSpeed:0.2>\n<shotInterval:45>\n<shotType:4>\n<shotIndex:39>\n<shotSkill:818>\n<shotSeName:Fire1>\n<shotSeVolume:70>\n<shotSePitch:150>","params":[0,0,0,0,0,0,0,5],"price":0,"wtypeId":7},{"id":116,"animationId":1,"description":"Flings a hunk of ice that cools whatever it hits.\nIce Single Direction 45% Crit","etypeId":1,"traits":[{"code":31,"dataId":1,"value":0},{"code":22,"dataId":0,"value":0.05}],"iconIndex":65,"name":"Ice Tome","note":"<shotWay:1>\n<shotSpace:0.3>\n<shotCount:40>\n<shotSpeed:0.3>\n<shotInterval:45>\n<shotType:4>\n<shotIndex:41>\n<shotSkill:837>\n<shotSeName:Ice2>\n<shotSeVolume:70>\n<shotSePitch:100>","params":[0,0,0,0,0,0,0,13],"price":0,"wtypeId":1},{"id":117,"animationId":1,"description":"A beginner's spellbook that allows you to use Thunder's magic\nLightning 1-way long gap 45 penetration","etypeId":1,"traits":[{"code":31,"dataId":1,"value":0},{"code":22,"dataId":0,"value":0.05}],"iconIndex":66,"name":"雷の魔導書","note":"<shotWay:1>\n<shotSpace:0.3>\n<shotCount:40>\n<shotSpeed:0.5>\n<shotInterval:45>\n<shotType:4>\n<shotIndex:35>\n<shotSkill:819>\n<shotSeName:Thunder3>\n<shotSeVolume:70>\n<shotSePitch:150>","params":[0,0,0,0,0,0,0,14],"price":0,"wtypeId":7},{"id":118,"animationId":1,"description":"脆い物なら壊せそうな鈍器\n打撃　1方向短　隙50","etypeId":1,"traits":[{"code":31,"dataId":1,"value":0}],"iconIndex":108,"name":"Mace","note":"<mat1:I112*1>\n<mat2:I111*1>\n\n<shotWay:1>\n<shotSpace:0.3>\n<shotCount:40>\n<shotSpeed:0.15>\n<shotInterval:50>\n<shotType:3>\n<shotIndex:4>\n<shotSkill:803>\n<shotSeName:Wind7>","params":[0,0,0,0,0,0,0,20],"price":0,"wtypeId":6},{"id":119,"animationId":1,"description":"柱などに突き刺して素早く移動することができる\n斬撃　1方向　隙55　地形貫通","etypeId":1,"traits":[{"code":31,"dataId":1,"value":0}],"iconIndex":215,"name":"フックショット","note":"<mat1:I110*1>\n<mat2:I109*1>\n\n<shotWay:1>\n<shotSpace:0.36>\n<shotCount:26>\n<shotSpeed:0.52>\n<shotInterval:60>\n<shotType:3>\n<shotIndex:8>\n<shotSkill:838>\n<shotSeName:Sword5>\n<shotSeVolume:70>\n<shotSePitch:150>","params":[0,0,0,0,0,0,0,0],"price":0,"wtypeId":7},{"id":120,"animationId":1,"description":"A technique that causes your body to move at high speeds.\nSpecial 1-way 50% Crit","etypeId":1,"traits":[{"code":31,"dataId":1,"value":0}],"iconIndex":82,"name":"Earth Armour","note":"\n\n<shotWay:1>\n<shotSpace:0.36>\n<shotCount:160>\n<shotSpeed:0>\n<shotInterval:50>\n<shotType:3>\n<shotIndex:8>\n<shotSkill:839>\n<shotSeName:Sword5>\n<shotSeVolume:70>\n<shotSePitch:150>","params":[0,0,0,0,0,0,0,0],"price":0,"wtypeId":7},{"id":121,"animationId":0,"description":"","etypeId":1,"traits":[{"code":31,"dataId":1,"value":0},{"code":22,"dataId":0,"value":0}],"iconIndex":0,"name":"","note":"","params":[0,0,0,0,0,0,0,0],"price":0,"wtypeId":0},{"id":122,"animationId":0,"description":"","etypeId":1,"traits":[{"code":31,"dataId":1,"value":0},{"code":22,"dataId":0,"value":0}],"iconIndex":0,"name":"","note":"","params":[0,0,0,0,0,0,0,0],"price":0,"wtypeId":0},{"id":123,"animationId":0,"description":"","etypeId":1,"traits":[{"code":31,"dataId":1,"value":0},{"code":22,"dataId":0,"value":0}],"iconIndex":0,"name":"","note":"","params":[0,0,0,0,0,0,0,0],"price":0,"wtypeId":0},{"id":124,"animationId":0,"description":"","etypeId":1,"traits":[{"code":31,"dataId":1,"value":0},{"code":22,"dataId":0,"value":0}],"iconIndex":0,"name":"","note":"","params":[0,0,0,0,0,0,0,0],"price":0,"wtypeId":0},{"id":125,"animationId":0,"description":"","etypeId":1,"traits":[{"code":31,"dataId":1,"value":0},{"code":22,"dataId":0,"value":0}],"iconIndex":0,"name":"","note":"","params":[0,0,0,0,0,0,0,0],"price":0,"wtypeId":0},{"id":126,"animationId":0,"description":"","etypeId":1,"traits":[{"code":31,"dataId":1,"value":0},{"code":22,"dataId":0,"value":0}],"iconIndex":0,"name":"","note":"","params":[0,0,0,0,0,0,0,0],"price":0,"wtypeId":0},{"id":127,"animationId":0,"description":"","etypeId":1,"traits":[{"code":31,"dataId":1,"value":0},{"code":22,"dataId":0,"value":0}],"iconIndex":0,"name":"","note":"","params":[0,0,0,0,0,0,0,0],"price":0,"wtypeId":0},{"id":128,"animationId":0,"description":"","etypeId":1,"traits":[{"code":31,"dataId":1,"value":0},{"code":22,"dataId":0,"value":0}],"iconIndex":0,"name":"","note":"","params":[0,0,0,0,0,0,0,0],"price":0,"wtypeId":0},{"id":129,"animationId":0,"description":"","etypeId":1,"traits":[{"code":31,"dataId":1,"value":0},{"code":22,"dataId":0,"value":0}],"iconIndex":0,"name":"","note":"","params":[0,0,0,0,0,0,0,0],"price":0,"wtypeId":0},{"id":130,"animationId":0,"description":"","etypeId":1,"traits":[{"code":31,"dataId":1,"value":0},{"code":22,"dataId":0,"value":0}],"iconIndex":0,"name":"","note":"","params":[0,0,0,0,0,0,0,0],"price":0,"wtypeId":0},{"id":131,"animationId":0,"description":"","etypeId":1,"traits":[{"code":31,"dataId":1,"value":0},{"code":22,"dataId":0,"value":0}],"iconIndex":0,"name":"","note":"","params":[0,0,0,0,0,0,0,0],"price":0,"wtypeId":0},{"id":132,"animationId":0,"description":"","etypeId":1,"traits":[{"code":31,"dataId":1,"value":0},{"code":22,"dataId":0,"value":0}],"iconIndex":0,"name":"","note":"","params":[0,0,0,0,0,0,0,0],"price":0,"wtypeId":0},{"id":133,"animationId":0,"description":"","etypeId":1,"traits":[{"code":31,"dataId":1,"value":0},{"code":22,"dataId":0,"value":0}],"iconIndex":0,"name":"","note":"","params":[0,0,0,0,0,0,0,0],"price":0,"wtypeId":0},{"id":134,"animationId":0,"description":"","etypeId":1,"traits":[{"code":31,"dataId":1,"value":0},{"code":22,"dataId":0,"value":0}],"iconIndex":0,"name":"","note":"","params":[0,0,0,0,0,0,0,0],"price":0,"wtypeId":0},{"id":135,"animationId":0,"description":"","etypeId":1,"traits":[{"code":31,"dataId":1,"value":0},{"code":22,"dataId":0,"value":0}],"iconIndex":0,"name":"","note":"","params":[0,0,0,0,0,0,0,0],"price":0,"wtypeId":0},{"id":136,"animationId":0,"description":"","etypeId":1,"traits":[{"code":31,"dataId":1,"value":0},{"code":22,"dataId":0,"value":0}],"iconIndex":0,"name":"","note":"","params":[0,0,0,0,0,0,0,0],"price":0,"wtypeId":0},{"id":137,"animationId":0,"description":"","etypeId":1,"traits":[{"code":31,"dataId":1,"value":0},{"code":22,"dataId":0,"value":0}],"iconIndex":0,"name":"","note":"","params":[0,0,0,0,0,0,0,0],"price":0,"wtypeId":0},{"id":138,"animationId":0,"description":"","etypeId":1,"traits":[{"code":31,"dataId":1,"value":0},{"code":22,"dataId":0,"value":0}],"iconIndex":0,"name":"","note":"","params":[0,0,0,0,0,0,0,0],"price":0,"wtypeId":0},{"id":139,"animationId":0,"description":"","etypeId":1,"traits":[{"code":31,"dataId":1,"value":0},{"code":22,"dataId":0,"value":0}],"iconIndex":0,"name":"","note":"","params":[0,0,0,0,0,0,0,0],"price":0,"wtypeId":0},{"id":140,"animationId":0,"description":"","etypeId":1,"traits":[{"code":31,"dataId":1,"value":0},{"code":22,"dataId":0,"value":0}],"iconIndex":0,"name":"","note":"","params":[0,0,0,0,0,0,0,0],"price":0,"wtypeId":0},{"id":141,"animationId":0,"description":"","etypeId":1,"traits":[{"code":31,"dataId":1,"value":0},{"code":22,"dataId":0,"value":0}],"iconIndex":0,"name":"","note":"","params":[0,0,0,0,0,0,0,0],"price":0,"wtypeId":0},{"id":142,"animationId":0,"description":"","etypeId":1,"traits":[{"code":31,"dataId":1,"value":0},{"code":22,"dataId":0,"value":0}],"iconIndex":0,"name":"","note":"","params":[0,0,0,0,0,0,0,0],"price":0,"wtypeId":0},{"id":143,"animationId":0,"description":"","etypeId":1,"traits":[{"code":31,"dataId":1,"value":0},{"code":22,"dataId":0,"value":0}],"iconIndex":0,"name":"","note":"","params":[0,0,0,0,0,0,0,0],"price":0,"wtypeId":0},{"id":144,"animationId":0,"description":"","etypeId":1,"traits":[{"code":31,"dataId":1,"value":0},{"code":22,"dataId":0,"value":0}],"iconIndex":0,"name":"","note":"","params":[0,0,0,0,0,0,0,0],"price":0,"wtypeId":0},{"id":145,"animationId":0,"description":"","etypeId":1,"traits":[{"code":31,"dataId":1,"value":0},{"code":22,"dataId":0,"value":0}],"iconIndex":0,"name":"","note":"","params":[0,0,0,0,0,0,0,0],"price":0,"wtypeId":0},{"id":146,"animationId":0,"description":"","etypeId":1,"traits":[{"code":31,"dataId":1,"value":0},{"code":22,"dataId":0,"value":0}],"iconIndex":0,"name":"","note":"","params":[0,0,0,0,0,0,0,0],"price":0,"wtypeId":0},{"id":147,"animationId":0,"description":"","etypeId":1,"traits":[{"code":31,"dataId":1,"value":0},{"code":22,"dataId":0,"value":0}],"iconIndex":0,"name":"","note":"","params":[0,0,0,0,0,0,0,0],"price":0,"wtypeId":0},{"id":148,"animationId":0,"description":"","etypeId":1,"traits":[{"code":31,"dataId":1,"value":0},{"code":22,"dataId":0,"value":0}],"iconIndex":0,"name":"","note":"","params":[0,0,0,0,0,0,0,0],"price":0,"wtypeId":0},{"id":149,"animationId":0,"description":"","etypeId":1,"traits":[{"code":31,"dataId":1,"value":0},{"code":22,"dataId":0,"value":0}],"iconIndex":0,"name":"","note":"","params":[0,0,0,0,0,0,0,0],"price":0,"wtypeId":0},{"id":150,"animationId":0,"description":"","etypeId":1,"traits":[{"code":31,"dataId":1,"value":0},{"code":22,"dataId":0,"value":0}],"iconIndex":0,"name":"","note":"","params":[0,0,0,0,0,0,0,0],"price":0,"wtypeId":0},{"id":151,"animationId":0,"description":"","etypeId":1,"traits":[{"code":31,"dataId":1,"value":0},{"code":22,"dataId":0,"value":0}],"iconIndex":0,"name":"","note":"","params":[0,0,0,0,0,0,0,0],"price":0,"wtypeId":0},{"id":152,"animationId":0,"description":"","etypeId":1,"traits":[{"code":31,"dataId":1,"value":0},{"code":22,"dataId":0,"value":0}],"iconIndex":0,"name":"","note":"","params":[0,0,0,0,0,0,0,0],"price":0,"wtypeId":0},{"id":153,"animationId":0,"description":"","etypeId":1,"traits":[{"code":31,"dataId":1,"value":0},{"code":22,"dataId":0,"value":0}],"iconIndex":0,"name":"","note":"","params":[0,0,0,0,0,0,0,0],"price":0,"wtypeId":0},{"id":154,"animationId":0,"description":"","etypeId":1,"traits":[{"code":31,"dataId":1,"value":0},{"code":22,"dataId":0,"value":0}],"iconIndex":0,"name":"","note":"","params":[0,0,0,0,0,0,0,0],"price":0,"wtypeId":0},{"id":155,"animationId":0,"description":"","etypeId":1,"traits":[{"code":31,"dataId":1,"value":0},{"code":22,"dataId":0,"value":0}],"iconIndex":0,"name":"","note":"","params":[0,0,0,0,0,0,0,0],"price":0,"wtypeId":0},{"id":156,"animationId":0,"description":"","etypeId":1,"traits":[{"code":31,"dataId":1,"value":0},{"code":22,"dataId":0,"value":0}],"iconIndex":0,"name":"","note":"","params":[0,0,0,0,0,0,0,0],"price":0,"wtypeId":0},{"id":157,"animationId":0,"description":"","etypeId":1,"traits":[{"code":31,"dataId":1,"value":0},{"code":22,"dataId":0,"value":0}],"iconIndex":0,"name":"","note":"","params":[0,0,0,0,0,0,0,0],"price":0,"wtypeId":0},{"id":158,"animationId":0,"description":"","etypeId":1,"traits":[{"code":31,"dataId":1,"value":0},{"code":22,"dataId":0,"value":0}],"iconIndex":0,"name":"","note":"","params":[0,0,0,0,0,0,0,0],"price":0,"wtypeId":0},{"id":159,"animationId":0,"description":"","etypeId":1,"traits":[{"code":31,"dataId":1,"value":0},{"code":22,"dataId":0,"value":0}],"iconIndex":0,"name":"","note":"","params":[0,0,0,0,0,0,0,0],"price":0,"wtypeId":0},{"id":160,"animationId":0,"description":"","etypeId":1,"traits":[{"code":31,"dataId":1,"value":0},{"code":22,"dataId":0,"value":0}],"iconIndex":0,"name":"","note":"","params":[0,0,0,0,0,0,0,0],"price":0,"wtypeId":0},{"id":161,"animationId":0,"description":"","etypeId":1,"traits":[{"code":31,"dataId":1,"value":0},{"code":22,"dataId":0,"value":0}],"iconIndex":0,"name":"","note":"","params":[0,0,0,0,0,0,0,0],"price":0,"wtypeId":0},{"id":162,"animationId":0,"description":"","etypeId":1,"traits":[{"code":31,"dataId":1,"value":0},{"code":22,"dataId":0,"value":0}],"iconIndex":0,"name":"","note":"","params":[0,0,0,0,0,0,0,0],"price":0,"wtypeId":0},{"id":163,"animationId":0,"description":"","etypeId":1,"traits":[{"code":31,"dataId":1,"value":0},{"code":22,"dataId":0,"value":0}],"iconIndex":0,"name":"","note":"","params":[0,0,0,0,0,0,0,0],"price":0,"wtypeId":0},{"id":164,"animationId":0,"description":"","etypeId":1,"traits":[{"code":31,"dataId":1,"value":0},{"code":22,"dataId":0,"value":0}],"iconIndex":0,"name":"","note":"","params":[0,0,0,0,0,0,0,0],"price":0,"wtypeId":0},{"id":165,"animationId":0,"description":"","etypeId":1,"traits":[{"code":31,"dataId":1,"value":0},{"code":22,"dataId":0,"value":0}],"iconIndex":0,"name":"","note":"","params":[0,0,0,0,0,0,0,0],"price":0,"wtypeId":0},{"id":166,"animationId":0,"description":"","etypeId":1,"traits":[{"code":31,"dataId":1,"value":0},{"code":22,"dataId":0,"value":0}],"iconIndex":0,"name":"","note":"","params":[0,0,0,0,0,0,0,0],"price":0,"wtypeId":0},{"id":167,"animationId":0,"description":"","etypeId":1,"traits":[{"code":31,"dataId":1,"value":0},{"code":22,"dataId":0,"value":0}],"iconIndex":0,"name":"","note":"","params":[0,0,0,0,0,0,0,0],"price":0,"wtypeId":0},{"id":168,"animationId":0,"description":"","etypeId":1,"traits":[{"code":31,"dataId":1,"value":0},{"code":22,"dataId":0,"value":0}],"iconIndex":0,"name":"","note":"","params":[0,0,0,0,0,0,0,0],"price":0,"wtypeId":0},{"id":169,"animationId":0,"description":"","etypeId":1,"traits":[{"code":31,"dataId":1,"value":0},{"code":22,"dataId":0,"value":0}],"iconIndex":0,"name":"","note":"","params":[0,0,0,0,0,0,0,0],"price":0,"wtypeId":0},{"id":170,"animationId":0,"description":"","etypeId":1,"traits":[{"code":31,"dataId":1,"value":0},{"code":22,"dataId":0,"value":0}],"iconIndex":0,"name":"","note":"","params":[0,0,0,0,0,0,0,0],"price":0,"wtypeId":0},{"id":171,"animationId":0,"description":"","etypeId":1,"traits":[{"code":31,"dataId":1,"value":0},{"code":22,"dataId":0,"value":0}],"iconIndex":0,"name":"","note":"","params":[0,0,0,0,0,0,0,0],"price":0,"wtypeId":0},{"id":172,"animationId":0,"description":"","etypeId":1,"traits":[{"code":31,"dataId":1,"value":0},{"code":22,"dataId":0,"value":0}],"iconIndex":0,"name":"","note":"","params":[0,0,0,0,0,0,0,0],"price":0,"wtypeId":0},{"id":173,"animationId":0,"description":"","etypeId":1,"traits":[{"code":31,"dataId":1,"value":0},{"code":22,"dataId":0,"value":0}],"iconIndex":0,"name":"","note":"","params":[0,0,0,0,0,0,0,0],"price":0,"wtypeId":0},{"id":174,"animationId":0,"description":"","etypeId":1,"traits":[{"code":31,"dataId":1,"value":0},{"code":22,"dataId":0,"value":0}],"iconIndex":0,"name":"","note":"","params":[0,0,0,0,0,0,0,0],"price":0,"wtypeId":0},{"id":175,"animationId":0,"description":"","etypeId":1,"traits":[{"code":31,"dataId":1,"value":0},{"code":22,"dataId":0,"value":0}],"iconIndex":0,"name":"","note":"","params":[0,0,0,0,0,0,0,0],"price":0,"wtypeId":0},{"id":176,"animationId":0,"description":"","etypeId":1,"traits":[{"code":31,"dataId":1,"value":0},{"code":22,"dataId":0,"value":0}],"iconIndex":0,"name":"","note":"","params":[0,0,0,0,0,0,0,0],"price":0,"wtypeId":0},{"id":177,"animationId":0,"description":"","etypeId":1,"traits":[{"code":31,"dataId":1,"value":0},{"code":22,"dataId":0,"value":0}],"iconIndex":0,"name":"","note":"","params":[0,0,0,0,0,0,0,0],"price":0,"wtypeId":0},{"id":178,"animationId":0,"description":"","etypeId":1,"traits":[{"code":31,"dataId":1,"value":0},{"code":22,"dataId":0,"value":0}],"iconIndex":0,"name":"","note":"","params":[0,0,0,0,0,0,0,0],"price":0,"wtypeId":0},{"id":179,"animationId":0,"description":"","etypeId":1,"traits":[{"code":31,"dataId":1,"value":0},{"code":22,"dataId":0,"value":0}],"iconIndex":0,"name":"","note":"","params":[0,0,0,0,0,0,0,0],"price":0,"wtypeId":0},{"id":180,"animationId":0,"description":"","etypeId":1,"traits":[{"code":31,"dataId":1,"value":0},{"code":22,"dataId":0,"value":0}],"iconIndex":0,"name":"","note":"","params":[0,0,0,0,0,0,0,0],"price":0,"wtypeId":0},{"id":181,"animationId":0,"description":"","etypeId":1,"traits":[{"code":31,"dataId":1,"value":0},{"code":22,"dataId":0,"value":0}],"iconIndex":0,"name":"","note":"","params":[0,0,0,0,0,0,0,0],"price":0,"wtypeId":0},{"id":182,"animationId":0,"description":"","etypeId":1,"traits":[{"code":31,"dataId":1,"value":0},{"code":22,"dataId":0,"value":0}],"iconIndex":0,"name":"","note":"","params":[0,0,0,0,0,0,0,0],"price":0,"wtypeId":0},{"id":183,"animationId":0,"description":"","etypeId":1,"traits":[{"code":31,"dataId":1,"value":0},{"code":22,"dataId":0,"value":0}],"iconIndex":0,"name":"","note":"","params":[0,0,0,0,0,0,0,0],"price":0,"wtypeId":0},{"id":184,"animationId":0,"description":"","etypeId":1,"traits":[{"code":31,"dataId":1,"value":0},{"code":22,"dataId":0,"value":0}],"iconIndex":0,"name":"","note":"","params":[0,0,0,0,0,0,0,0],"price":0,"wtypeId":0},{"id":185,"animationId":0,"description":"","etypeId":1,"traits":[{"code":31,"dataId":1,"value":0},{"code":22,"dataId":0,"value":0}],"iconIndex":0,"name":"","note":"","params":[0,0,0,0,0,0,0,0],"price":0,"wtypeId":0},{"id":186,"animationId":0,"description":"","etypeId":1,"traits":[{"code":31,"dataId":1,"value":0},{"code":22,"dataId":0,"value":0}],"iconIndex":0,"name":"","note":"","params":[0,0,0,0,0,0,0,0],"price":0,"wtypeId":0},{"id":187,"animationId":0,"description":"","etypeId":1,"traits":[{"code":31,"dataId":1,"value":0},{"code":22,"dataId":0,"value":0}],"iconIndex":0,"name":"","note":"","params":[0,0,0,0,0,0,0,0],"price":0,"wtypeId":0},{"id":188,"animationId":0,"description":"","etypeId":1,"traits":[{"code":31,"dataId":1,"value":0},{"code":22,"dataId":0,"value":0}],"iconIndex":0,"name":"","note":"","params":[0,0,0,0,0,0,0,0],"price":0,"wtypeId":0},{"id":189,"animationId":0,"description":"","etypeId":1,"traits":[{"code":31,"dataId":1,"value":0},{"code":22,"dataId":0,"value":0}],"iconIndex":0,"name":"","note":"","params":[0,0,0,0,0,0,0,0],"price":0,"wtypeId":0},{"id":190,"animationId":0,"description":"","etypeId":1,"traits":[{"code":31,"dataId":1,"value":0},{"code":22,"dataId":0,"value":0}],"iconIndex":0,"name":"","note":"","params":[0,0,0,0,0,0,0,0],"price":0,"wtypeId":0},{"id":191,"animationId":0,"description":"","etypeId":1,"traits":[{"code":31,"dataId":1,"value":0},{"code":22,"dataId":0,"value":0}],"iconIndex":0,"name":"","note":"","params":[0,0,0,0,0,0,0,0],"price":0,"wtypeId":0},{"id":192,"animationId":0,"description":"","etypeId":1,"traits":[{"code":31,"dataId":1,"value":0},{"code":22,"dataId":0,"value":0}],"iconIndex":0,"name":"","note":"","params":[0,0,0,0,0,0,0,0],"price":0,"wtypeId":0},{"id":193,"animationId":0,"description":"","etypeId":1,"traits":[{"code":31,"dataId":1,"value":0},{"code":22,"dataId":0,"value":0}],"iconIndex":0,"name":"","note":"","params":[0,0,0,0,0,0,0,0],"price":0,"wtypeId":0},{"id":194,"animationId":0,"description":"","etypeId":1,"traits":[{"code":31,"dataId":1,"value":0},{"code":22,"dataId":0,"value":0}],"iconIndex":0,"name":"","note":"","params":[0,0,0,0,0,0,0,0],"price":0,"wtypeId":0},{"id":195,"animationId":0,"description":"","etypeId":1,"traits":[{"code":31,"dataId":1,"value":0},{"code":22,"dataId":0,"value":0}],"iconIndex":0,"name":"","note":"","params":[0,0,0,0,0,0,0,0],"price":0,"wtypeId":0},{"id":196,"animationId":0,"description":"","etypeId":1,"traits":[{"code":31,"dataId":1,"value":0},{"code":22,"dataId":0,"value":0}],"iconIndex":0,"name":"","note":"","params":[0,0,0,0,0,0,0,0],"price":0,"wtypeId":0},{"id":197,"animationId":0,"description":"","etypeId":1,"traits":[{"code":31,"dataId":1,"value":0},{"code":22,"dataId":0,"value":0}],"iconIndex":0,"name":"","note":"","params":[0,0,0,0,0,0,0,0],"price":0,"wtypeId":0},{"id":198,"animationId":0,"description":"","etypeId":1,"traits":[{"code":31,"dataId":1,"value":0},{"code":22,"dataId":0,"value":0}],"iconIndex":0,"name":"","note":"","params":[0,0,0,0,0,0,0,0],"price":0,"wtypeId":0},{"id":199,"animationId":0,"description":"","etypeId":1,"traits":[{"code":31,"dataId":1,"value":0},{"code":22,"dataId":0,"value":0}],"iconIndex":0,"name":"","note":"","params":[0,0,0,0,0,0,0,0],"price":0,"wtypeId":0},{"id":200,"animationId":0,"description":"","etypeId":1,"traits":[{"code":31,"dataId":1,"value":0},{"code":22,"dataId":0,"value":0}],"iconIndex":0,"name":"","note":"","params":[0,0,0,0,0,0,0,0],"price":0,"wtypeId":0}]